# Blender 3.4.1
# www.blender.org
mtllib zerohelmet1.mtl
o Megaman_Zero_Helmet_-_Letter_Foam
v 0.000000 2.054695 -4.907945
v -0.000000 -1.221263 9.409981
v 0.000000 6.887488 4.851747
v -0.000000 3.689863 8.150714
v -0.000000 -0.201494 9.356201
v 0.000000 1.074228 -5.093456
v 0.000000 3.209544 -4.487985
v 0.000000 7.480402 1.408365
v 0.000000 7.292397 0.356460
v -0.000000 6.943270 -0.640412
v -0.000000 6.469733 -1.568591
v 0.000000 5.855145 -2.433607
v 0.000000 5.111719 -3.221415
v 0.000000 4.229955 -3.917750
v 0.000000 7.496683 2.516581
v 0.000000 7.311582 3.670142
v -0.000000 0.797274 9.208823
v 0.000000 1.772043 8.970617
v 0.000000 2.734311 8.623304
v 0.000000 4.614334 7.545370
v -0.000000 5.471705 6.806266
v -0.000000 6.260525 5.898991
v -0.000000 -4.696165 8.781014
v 0.000000 -1.520050 10.641726
v -0.000000 -2.121485 10.977361
v -0.000000 -3.933594 10.513762
v 0.000000 -4.533949 9.889248
v 0.000000 0.270172 -5.157505
v 0.000000 -4.756590 -5.082073
v 0.000000 -4.034363 -5.513624
v 0.000000 -3.580514 -5.265530
v -3.803165 5.131117 5.427776
v -6.384364 0.881703 4.539267
v -3.619617 4.529601 6.257906
v -4.676323 -1.560724 -1.355426
v -4.123710 5.354305 4.543815
v -4.949204 -1.653400 -0.714301
v -5.158975 -1.919321 -0.143559
v -5.335399 -2.243207 0.370743
v -4.211257 -2.302790 -0.662750
v -4.426195 -2.519990 -0.144913
v -4.568738 -2.862909 0.343065
v -3.969788 -2.186846 -1.173706
v -3.965356 5.514668 4.553313
v -6.234114 2.395834 3.682339
v -5.994814 1.686834 1.447633
v -5.613587 0.635812 0.119886
v -6.334527 1.958032 3.869103
v -6.282134 0.396129 4.910576
v -6.103114 2.019337 2.209039
v -6.175067 2.253888 3.000745
v -5.831599 1.224562 0.744114
v -5.740788 -0.015518 0.443830
v -5.827059 -0.635372 0.810578
v -5.340948 -0.041881 -0.386987
v -5.014784 -0.799834 -0.865211
v -5.428890 -0.592294 -0.127587
v -5.975156 0.515284 1.024522
v -6.150481 0.987128 1.653883
v -6.272283 1.375501 2.328959
v -6.356330 1.709641 3.099876
v -5.543138 -1.184457 0.329154
v -6.061304 -0.137970 1.357255
v -6.232805 0.312767 1.930891
v -6.353959 0.698271 2.562004
v -6.447577 1.052778 3.361920
v -6.389045 1.406348 4.187350
v -5.610512 -1.746692 0.772434
v -5.863240 -1.276056 1.227347
v -6.078284 -0.831476 1.718381
v -6.255158 -0.379265 2.264559
v -6.375105 -0.004951 2.857388
v -6.453358 0.416979 3.675961
v -0.750826 1.924694 -4.857831
v -1.060309 6.794331 4.827455
v -2.090875 6.527672 4.758281
v -1.690226 -1.159296 9.208485
v -1.470121 0.583183 -4.813539
v -1.490099 1.503829 -4.696671
v -0.699489 0.940044 -4.970201
v -3.274687 3.159309 7.557907
v -2.802492 -1.067179 8.859748
v -2.149034 0.931683 -4.438132
v -3.063074 6.080797 4.646609
v -2.759109 1.693041 -3.872492
v -0.826965 3.072648 -4.447915
v -1.594520 2.664949 -4.329308
v -2.334354 2.100964 -4.097536
v -0.734967 0.339158 -5.084153
v -4.122841 5.628420 1.422827
v -1.146158 7.343536 1.412916
v -2.243469 6.949966 1.426028
v -3.261646 6.344520 1.440509
v -4.092128 5.352616 0.433052
v -1.145064 7.147664 0.365443
v -2.235671 6.730938 0.391253
v -3.237328 6.094869 0.423555
v -4.014081 4.962978 -0.508007
v -1.127334 6.794065 -0.627571
v -2.196540 6.363641 -0.590712
v -3.173655 5.712494 -0.541880
v -3.885666 4.468954 -1.363390
v -1.095055 6.318601 -1.551267
v -2.129057 5.881644 -1.501562
v -3.068491 5.225870 -1.430382
v -3.686928 3.862019 -2.149763
v -1.045777 5.704388 -2.411597
v -2.027987 5.267333 -2.348331
v -2.915580 4.614722 -2.252991
v -3.418044 3.183489 -2.836094
v -0.979532 4.964248 -3.193835
v -1.894274 4.535040 -3.114193
v -2.719934 3.899141 -2.985522
v -3.106666 2.463970 -3.403335
v -0.901347 4.088729 -3.883858
v -1.739948 3.674486 -3.785130
v -2.512946 3.073272 -3.608238
v -4.089079 5.776069 2.441893
v -1.130536 7.371130 2.515320
v -2.219004 7.010534 2.511910
v -3.240226 6.449165 2.502489
v -4.008555 5.758580 3.509119
v -1.101830 7.199772 3.659735
v -2.167764 6.879147 3.630282
v -3.174766 6.365551 3.580641
v -4.335093 4.015666 5.998943
v -0.637591 -0.201234 9.328913
v -1.270006 -0.200529 9.250845
v -1.384596 0.767741 9.089998
v -0.695447 0.789636 9.178048
v -1.499682 1.710210 8.839142
v -0.753861 1.756030 8.936566
v -1.608991 2.637346 8.483603
v -0.809510 2.709186 8.587127
v -1.709436 3.550160 8.010411
v -0.860991 3.653647 8.114382
v -3.439478 3.869618 6.977505
v -2.645725 4.184921 7.221206
v -1.804663 4.429314 7.408635
v -0.910282 4.566383 7.509929
v -2.789902 4.934314 6.484651
v -1.907443 5.241988 6.663784
v -0.963770 5.412205 6.769278
v -2.931121 5.617072 5.593699
v -2.005756 5.985467 5.749904
v -1.014884 6.189296 5.860299
v -4.219644 4.737052 5.284065
v -4.993180 3.168113 6.048028
v -4.901313 2.613917 6.589942
v -4.768603 1.980598 7.066935
v -4.599855 1.289276 7.468230
v -4.401430 0.551531 7.804535
v -4.173873 -0.209828 8.070648
v -5.460723 2.931883 5.581223
v -5.422986 2.407030 6.074146
v -5.329926 1.823944 6.509675
v -5.201211 1.156488 6.906759
v -5.033422 0.456158 7.243529
v -4.819886 -0.266184 7.536448
v -5.848981 2.651131 5.068283
v -5.850650 2.143442 5.502289
v -5.790422 1.600307 5.898473
v -5.670652 0.969595 6.289779
v -5.510260 0.303939 6.634720
v -5.354082 -0.364100 6.933595
v -5.189003 -0.734887 7.149859
v -5.834134 -0.578644 6.210061
v -5.946223 0.003731 5.946218
v -6.061245 0.667356 5.598137
v -6.155879 1.266831 5.224654
v -6.184321 1.795048 4.877522
v -6.139988 2.323018 4.522356
v -3.098257 2.383496 8.045050
v -2.904647 1.543821 8.439131
v -2.699834 0.690599 8.734052
v -2.488984 -0.193199 8.939195
v -4.212285 3.449737 6.632083
v -4.033235 2.847975 7.220735
v -3.832497 2.160353 7.714255
v -3.615835 1.405086 8.121806
v -3.385963 0.612991 8.444302
v -3.146455 -0.211454 8.678173
v -6.041831 -0.186598 5.495351
v -5.911882 -0.622253 5.868161
v -5.777958 -0.675434 6.270912
v -4.548440 -0.821381 7.761453
v -3.879287 -0.929760 8.275715
v -6.387739 -0.120512 4.095592
v -6.330778 -0.695121 3.346960
v -6.378410 -0.510992 3.163168
v -6.219390 -0.743805 2.418998
v -6.026873 -1.219922 1.944504
v -5.800604 -1.725800 1.454438
v -5.596634 -2.132144 1.070412
v -5.366762 -2.564376 0.681544
v -6.328201 -0.471257 2.708772
v -0.573425 -1.213210 9.388675
v -0.445257 -4.695869 8.767500
v -0.681370 -1.517634 10.628957
v -1.313751 -4.683149 8.650180
v -0.704510 -2.117425 10.961575
v -2.044280 -1.485823 10.447458
v -2.205739 -4.639794 8.430899
v -0.589004 -3.930683 10.498714
v -1.762155 -3.895225 10.349210
v -2.114602 -2.068496 10.755610
v -3.352854 -1.411322 10.006491
v -1.650690 -4.502558 9.760525
v -0.551967 -4.531682 9.877324
v -3.493319 -1.964316 10.275429
v -3.159223 -4.532049 8.032237
v -2.985928 -3.805900 10.009782
v -2.779453 -4.428380 9.500896
v -4.329786 -3.660167 9.366673
v -4.961776 -1.806453 9.407918
v -4.755994 -1.276860 9.193834
v -3.648998 -4.463450 7.729448
v -4.015406 -4.294511 8.976907
v -4.941071 -3.595290 8.898029
v -4.632338 -4.220719 8.550617
v -5.614882 -1.714852 8.814248
v -5.384529 -1.196422 8.649916
v -4.091079 -4.412959 7.368670
v -5.513864 -3.551142 8.262974
v -5.165286 -4.166502 8.002114
v -6.214293 -1.604167 8.082081
v -6.067602 -1.093871 7.853263
v -4.444980 -4.398213 6.990386
v -4.726532 -4.451819 6.572728
v -5.942004 -3.554523 7.532758
v -5.576001 -4.147299 7.372150
v -6.709212 -1.501640 7.238311
v -6.411858 -1.075825 7.327032
v -5.794772 -4.158923 6.950453
v -6.169280 -3.603003 6.979953
v -5.784817 -4.277699 6.457493
v -7.580795 -2.940762 5.066445
v -7.056673 -3.002812 5.917495
v -7.915571 -2.481101 4.589057
v -7.845406 -1.828868 4.111012
v -8.313375 0.494585 7.125504
v -6.421058 -3.144292 6.047955
v -7.519883 -1.261446 3.629570
v -8.147847 0.188059 7.465516
v -8.308747 0.902474 6.826910
v -8.436563 1.799497 8.238810
v -7.213303 0.000101 8.124841
v -7.787903 -0.022613 7.870472
v -6.973525 0.243983 4.291997
v -8.337864 1.612109 8.450185
v -6.604271 -0.648711 3.262825
v -7.637324 1.760046 6.373834
v -8.134668 1.323319 6.606933
v -8.438752 2.050540 8.052898
v -8.539875 3.116921 9.365532
v -6.613374 0.395149 8.018241
v -8.123769 1.488541 8.708128
v -8.513798 3.059725 9.425219
v -7.775021 1.517368 8.885601
v -6.794354 1.491880 6.353326
v -8.339304 2.316654 7.917050
v -8.545988 3.190673 9.309043
v -8.420262 3.271226 9.470933
v -7.321259 1.783218 8.822442
v -8.462472 3.034384 9.510397
v -8.040244 2.628049 7.799046
v -8.054633 3.194648 9.618164
v -8.369250 3.102747 9.605412
v -7.478923 2.545957 7.899885
v -8.530431 3.274359 9.272289
v -8.441244 3.433462 9.288640
v -8.111264 3.455699 9.376783
v -8.191385 -1.659585 3.470120
v -7.249918 -3.411633 1.711822
v -7.414177 -3.699217 1.975388
v -6.670146 -3.979530 1.530151
v -5.373272 -3.300889 0.754171
v -7.881238 -1.517892 3.877598
v -6.864893 -4.209475 1.777875
v -8.343296 -1.976020 3.709138
v -6.434797 -5.798129 3.011430
v -6.894653 -5.701753 3.531426
v -7.986444 -3.445545 4.896924
v -6.415085 -4.050892 1.553969
v -8.012349 -1.813188 4.103836
v -5.932847 -5.877745 2.987711
v -6.587309 -5.954199 3.700194
v -7.742020 -2.904412 5.023463
v -8.133922 -3.315635 5.585795
v -6.115312 -6.024299 3.112058
v -7.717340 -3.983660 6.142799
v -8.012654 -3.762817 5.941844
v -7.882501 -2.792794 5.677850
v -7.773690 -3.245688 6.053380
v -6.164503 -3.721965 6.474131
v -7.505965 -3.458200 6.237882
v -3.599022 -7.904028 -0.963925
v -3.542359 -8.234987 -0.480638
v -5.374549 -6.708047 0.515644
v -4.018677 -6.752602 -0.781832
v -3.238557 -7.438222 -0.662246
v -5.304202 -7.010324 0.856240
v -5.609320 -6.033332 0.648728
v -5.618661 -6.658142 0.667302
v -4.393425 -5.746083 -0.511728
v -3.540894 -6.364134 -0.514402
v -5.557827 -6.924695 0.966455
v -5.413456 -6.811676 1.444103
v -5.896973 -6.071095 0.825211
v -5.837321 -5.442611 0.826687
v -4.746876 -4.829871 -0.143826
v -3.820182 -5.393100 -0.294838
v -5.738009 -6.731881 1.488742
v -5.544695 -6.597249 1.938934
v -6.154082 -5.541637 1.005679
v -6.050367 -4.909489 1.047326
v -5.091065 -3.967136 0.315512
v -4.075192 -4.523208 0.017752
v -5.906832 -6.535682 1.949364
v -5.676766 -6.358379 2.375090
v -6.402097 -5.054596 1.229742
v -6.259986 -4.404366 1.313663
v -6.078268 -6.313178 2.364326
v -5.821480 -6.078751 2.788673
v -6.261343 -6.054159 2.758438
v -6.646777 -4.594792 1.495644
v -7.226140 -2.401561 6.374447
v -7.780500 -2.090577 5.803078
v -8.039673 -1.633139 5.301695
v -8.016823 -1.028439 4.860426
v -7.734243 -0.424659 4.537263
v -5.955727 -0.882658 7.127371
v -7.430596 -1.550647 6.938760
v -7.921699 -1.269524 6.415329
v -8.149359 -0.860101 5.964993
v -8.134007 -0.317832 5.569313
v -7.888823 0.229497 5.278127
v -7.229815 0.842161 5.054547
v -6.250928 -0.310982 7.589521
v -6.926061 -0.761233 7.704741
v -7.611748 -0.784271 7.419198
v -8.040061 -0.535342 6.950541
v -8.237496 -0.174753 6.552588
v -8.227904 0.303700 6.203037
v -8.017680 0.791861 5.945505
v -7.958344 0.734811 8.298028
v -7.495574 0.759865 8.515807
v -6.969670 1.093500 8.426596
v -7.145471 2.040027 7.133661
v -7.841568 2.205265 7.082893
v -8.241174 1.829367 7.263891
v -8.378104 1.483072 7.442965
v -8.378694 1.151513 7.686603
v -8.246324 0.903235 7.963974
v -8.424976 2.311198 8.924573
v -8.490204 2.437057 8.781170
v -8.493844 2.605192 8.654298
v -8.431809 2.787509 8.562558
v -8.230986 3.022311 8.496146
v -7.775478 2.989383 8.599380
v -7.667664 2.459586 9.207982
v -8.053728 2.265969 9.239416
v -8.285058 2.233319 9.103616
v -7.432342 1.303196 5.694453
v -6.443675 0.923600 5.591108
v -6.620922 -2.422076 6.594083
v -5.051710 3.557895 5.484109
v -5.441622 3.392295 4.982719
v -5.717299 3.151275 4.573746
v -5.948637 2.843878 4.187599
v -2.509953 3.375655 7.816511
v -2.366112 2.522946 8.295379
v -2.209454 1.637746 8.666985
v -2.044157 0.734075 8.937385
v -1.877058 -0.197951 9.117706
v -0.888822 -4.692013 8.722510
v -1.102971 -4.521707 9.832510
v -1.175580 -3.918525 10.443542
v -1.409901 -2.100292 10.890277
v -1.363583 -1.506579 10.567715
v -1.133434 -1.191332 9.319895
v -1.741534 -4.668338 8.557706
v -2.203503 -4.472599 9.654935
v -2.362270 -3.858352 10.207812
v -2.817095 -2.022404 10.548640
v -2.707714 -1.454116 10.260722
v -2.236529 -1.120362 9.058977
v -2.312315 0.720838 -4.314905
v -2.657274 -4.597765 8.268845
v -3.381290 -4.368619 9.284412
v -3.647865 -3.737158 9.738705
v -4.225089 -1.890075 9.905087
v -4.054606 -1.351257 9.650564
v -3.101274 -1.023205 8.704666
v -3.391962 -0.175534 8.547591
v -3.627472 0.634777 8.301515
v -3.852611 1.414018 7.968737
v -4.058151 2.150479 7.554129
v -4.245189 2.818478 7.054194
v -4.416876 3.399807 6.479578
v -4.557393 3.687953 6.046234
v -2.929424 -0.991133 8.601732
v -3.173687 -0.217465 8.444740
v -3.404776 0.576347 8.211535
v -3.626193 1.340270 7.892760
v -3.834441 2.063510 7.491389
v -4.025989 2.722646 7.008152
v -4.202842 3.304598 6.453479
v -4.305534 3.634705 6.036823
v -6.878169 9.149326 5.835886
v -6.244793 7.041054 0.441342
v -4.135873 2.574551 -3.896300
v -4.154505 -2.047669 -1.984609
v -2.096600 -3.569744 -3.778011
v -5.592384 5.455947 -1.716441
v -5.964673 6.293702 -0.686476
v -5.123924 4.493733 -2.617425
v -2.841644 0.437528 -4.786546
v -2.969355 -2.997387 -3.130369
v -1.176987 -4.115216 -4.383927
v -6.664163 8.203156 2.969162
v -6.466842 7.664937 1.651997
v -6.778911 8.743807 4.471050
v -5.133319 -0.726969 -0.889669
v -5.526052 0.074191 -0.457069
v -5.860004 0.821026 0.065844
v -6.116099 1.451521 0.684708
v -6.301482 1.938509 1.379903
v -6.439472 2.333521 2.149680
v -6.514569 2.574409 2.938869
v -6.564198 2.710136 3.754658
v -6.871139 6.253451 4.670770
v -6.730157 4.400537 4.122879
v -6.949235 7.890628 5.286552
v -5.223021 7.319097 5.011725
v -4.440264 6.312007 4.692053
v -5.964000 8.184361 5.390779
v -4.634440 3.528916 -3.330993
v -4.632389 6.117922 4.662110
v -5.410963 7.118787 4.971964
v -6.314181 8.085854 5.404696
v -6.406990 4.366049 4.180798
v -6.567606 6.203673 4.686031
v -6.645261 7.960284 5.374475
v -3.651810 -2.427180 -1.717991
v -2.660996 -3.151379 -2.733848
v -1.887427 -3.662614 -3.198406
v -1.075494 -4.212963 -3.583811
v 0.000000 -4.932969 -3.965836
v -2.901936 -0.753272 -4.223303
v -2.031064 -1.754841 -4.690797
v -1.118771 -2.791194 -5.087605
v -3.536071 1.537822 -4.381179
v -3.645545 -2.488922 -2.536696
v -3.278730 -2.720044 -2.197049
v -2.628829 -0.592367 -4.081252
v -1.834230 -1.596853 -4.545216
v -0.915589 -2.616786 -4.933636
v -4.509428 4.559459 5.920259
v -4.853336 4.230824 5.978066
v -5.211963 6.011716 5.708232
v -5.614488 5.794268 5.744952
v -2.264898 -1.073503 -4.314957
v -2.472583 -1.230606 -4.461097
v -2.540538 -3.283888 -3.454493
v -2.279703 -3.402047 -2.970634
v -1.414112 -2.075089 -4.735856
v -1.612571 -2.236099 -4.882942
v -1.675418 -3.825683 -4.064163
v -1.514970 -3.912850 -3.389260
v -0.478644 -3.082776 -5.096094
v -0.604069 -3.363999 -5.290699
v -0.659504 -4.409461 -4.706595
v -0.601674 -4.541646 -3.770396
v -1.813704 0.745861 -4.633568
v -0.346300 0.280461 -5.146796
v -1.109646 0.446750 -4.967140
v -0.000000 -3.741233 -5.115817
v -0.000000 0.334434 -4.952588
v -0.000000 -3.682952 -5.559347
v 0.000000 -1.088544 -6.864060
v 0.000000 0.455934 -5.397109
v -2.699174 -0.626406 -3.874692
v -1.847934 -1.708120 -4.351595
v -0.959429 -2.719529 -4.741811
v -2.656718 0.622400 -4.394192
v -0.652264 0.396408 -4.893398
v -1.338910 0.636133 -4.642750
v -2.066061 1.004023 -4.272792
v -2.351902 0.763098 -4.134694
v -2.809635 -0.687950 -4.337538
v -2.696027 0.737567 -4.945943
v -1.980327 0.146540 -5.598104
v -2.028635 -1.552360 -4.799042
v -1.061115 -0.444679 -6.234678
v -1.105044 -2.550248 -5.201690
v -0.742397 0.521728 -5.329733
v -1.465785 0.769643 -5.063863
v -2.129504 1.111146 -4.668822
v -2.331648 0.424621 -5.300905
v -2.417687 -1.127541 -4.581321
v -2.261476 -1.186814 -4.119308
v -1.664058 0.795781 -4.471902
v -1.788817 0.931541 -4.885549
v -1.563399 -0.135076 -5.904801
v -1.602203 -2.013637 -5.002764
v -1.442518 -2.182415 -4.543113
v -0.998491 0.499086 -4.787432
v -1.122000 0.631768 -5.212934
v -0.582871 -0.736199 -6.530143
v -0.624878 -3.069616 -5.369620
v -0.534049 -3.183821 -4.906124
v -0.292617 0.341329 -4.947496
v -0.345061 0.463644 -5.390320
v -4.801484 -3.055020 0.701430
v -4.767937 -3.016799 0.624154
v -4.579898 -2.940313 0.419086
v -4.871401 -4.606008 6.156314
v -4.876499 -4.612979 6.138324
v -2.813887 -5.073142 8.028775
v -2.511562 -5.078374 8.173407
v -2.981468 -5.056241 7.948283
v -0.198862 -5.001008 8.694297
v -0.425809 -5.039961 8.674397
v -0.003891 -4.970316 8.711483
v -1.125610 -4.949297 8.612007
v -1.261958 -4.985568 8.575195
v -0.850867 -5.020243 8.636677
v -1.895292 -5.036295 8.403503
v -1.657431 -5.038347 8.468060
v -2.100163 -5.023636 8.347725
v -3.271152 -4.987799 7.793429
v -3.446492 -5.013796 7.664650
v -3.211751 -4.973550 7.837059
v -4.739164 -4.584440 6.473842
v -4.809374 -4.535050 6.397274
v -4.655533 -4.657568 6.569138
v -3.892469 -4.916355 7.335879
v -3.714310 -4.966185 7.467380
v -4.108908 -4.810123 7.168548
v -4.288462 -4.810826 6.972251
v -4.091030 -4.808164 7.188046
v -4.445746 -4.749002 6.799301
v -4.797132 -3.204139 0.720054
v -5.642432 -6.118432 3.123445
v -5.683753 -6.130734 3.519909
v -5.663414 -6.134346 3.761888
v -5.575847 -5.601984 4.583472
v -5.274779 -5.073792 5.460760
v -3.218298 -7.512075 -0.570240
v -3.409817 -8.112580 -0.425467
v -4.763156 -7.327304 0.738791
v -3.597862 -8.201659 -0.327150
v -4.059396 -7.893260 -0.028707
v -5.056473 -7.051747 1.231526
v -3.495523 -6.460373 -0.331176
v -5.363459 -6.710145 1.864335
v -5.282758 -6.823133 1.619478
v -3.769679 -5.481696 -0.130335
v -5.516091 -6.446409 2.341107
v -3.876152 -5.103530 -0.052107
v -4.031105 -4.562785 0.116986
v -4.190338 -4.419170 0.032279
v -4.510366 -3.744189 0.371715
v -5.595721 -6.279912 2.592042
v -5.616382 -6.165917 2.792055
v -4.723078 -3.372026 0.603653
v -4.719481 -3.382044 0.597631
v -5.622145 -6.117380 2.861813
v -5.642568 -5.972396 3.015140
v -5.059259 -4.777450 5.830701
v -5.239717 -5.040001 5.508394
v -5.193095 -4.966566 5.585133
v -5.212372 -5.003591 5.546606
v -1.456587 -5.013837 8.522473
v -2.339584 -5.038064 8.255365
v -2.209721 -4.997802 8.317491
v 0.000000 2.022037 -4.782114
v 0.000000 -1.306358 9.311701
v 0.000000 6.769747 4.796637
v 0.000000 3.625135 8.037973
v 0.000000 -0.216186 9.227035
v 0.000000 1.056038 -4.964736
v 0.000000 3.155317 -4.369835
v 0.000000 7.351045 1.421276
v 0.000000 7.166748 0.389809
v 0.000000 6.823848 -0.589047
v 0.000000 6.358627 -1.501097
v 0.000000 5.754715 -2.351061
v 0.000000 5.023948 -3.125518
v 0.000000 4.157658 -3.809707
v 0.000000 7.366982 2.507772
v 0.000000 7.185535 3.638324
v 0.000000 0.772187 9.081266
v 0.000000 1.734325 8.846210
v 0.000000 2.683178 8.503783
v 0.000000 4.535862 7.441725
v 0.000000 5.379699 6.714425
v 0.000000 6.155051 5.822997
v 0.000000 -4.596426 8.697635
v 0.000000 -1.622662 10.561910
v 0.000000 -2.137646 10.848370
v 0.000000 -3.868254 10.401376
v 0.000000 -4.417792 9.830873
v 0.000000 0.264088 -5.027647
v 0.000000 -4.651161 -5.006015
v 0.000000 -4.009172 -5.386088
v 0.000000 -3.635257 -5.147618
v -3.731142 5.044567 5.362802
v -6.256621 0.873312 4.516653
v -3.550610 4.452286 6.179418
v -4.570695 -1.503402 -1.305861
v -4.130092 5.293295 4.429198
v -4.848045 -1.596939 -0.655319
v -5.060987 -1.863961 -0.078493
v -5.236352 -2.190081 0.436068
v -4.138706 -2.211695 -0.604973
v -4.357541 -2.435601 -0.073743
v -4.504224 -2.784745 0.424479
v -3.889595 -2.086623 -1.153104
v -3.926604 5.418966 4.474324
v -6.108858 2.408751 3.650027
v -5.873900 1.734446 1.444058
v -5.496449 0.690760 0.107266
v -6.207865 1.929835 3.861236
v -6.204262 0.292068 4.913228
v -5.979823 2.060559 2.208761
v -6.050857 2.292237 3.001858
v -5.712717 1.276570 0.736228
v -5.620377 -0.007320 0.492140
v -5.705927 -0.619976 0.855186
v -5.224806 0.014779 -0.401152
v -4.902344 -0.738498 -0.887463
v -5.311538 -0.576291 -0.073991
v -5.851711 0.515012 1.065278
v -6.024914 0.978694 1.686467
v -6.145612 1.359746 2.353578
v -6.228738 1.688678 3.113323
v -5.425342 -1.163513 0.380001
v -5.936994 -0.128863 1.394189
v -6.106054 0.315735 1.959621
v -6.225533 0.696552 2.582099
v -6.317888 1.046115 3.367945
v -6.260851 1.391084 4.172079
v -5.490816 -1.720664 0.815971
v -5.740878 -1.251893 1.264003
v -5.953497 -0.811657 1.748965
v -6.128375 -0.366633 2.290373
v -6.246113 -0.000344 2.872874
v -6.323360 0.417517 3.676368
v -0.723107 1.895300 -4.734268
v -1.037917 6.678155 4.773587
v -2.046781 6.416331 4.707696
v -1.671093 -1.243068 9.110934
v -1.418584 0.575810 -4.694418
v -1.442212 1.481233 -4.577944
v -0.672064 0.920366 -4.844660
v -3.216188 3.100337 7.457906
v -2.760197 -1.159313 8.778369
v -2.082171 0.919192 -4.327347
v -3.001530 5.976172 4.600070
v -2.747671 1.635684 -3.756392
v -0.798254 3.022031 -4.331667
v -1.542386 2.623688 -4.217596
v -2.267151 2.070225 -3.990584
v -0.702021 0.328442 -4.958854
v -4.127090 5.502000 1.452829
v -1.116523 7.217685 1.426457
v -2.188482 6.833175 1.441397
v -3.188937 6.238260 1.458461
v -4.092524 5.230932 0.478799
v -1.114222 7.025897 0.398931
v -2.178877 6.619061 0.425280
v -3.163566 5.993780 0.458772
v -4.012062 4.847798 -0.447762
v -1.095939 6.678712 -0.576502
v -2.139093 6.258537 -0.540185
v -3.100078 5.618117 -0.491092
v -3.882277 4.362512 -1.288833
v -1.063593 6.211653 -1.484391
v -2.071789 5.785151 -1.435913
v -2.995973 5.140296 -1.364667
v -3.681964 3.766360 -2.061872
v -1.014622 5.608139 -2.329955
v -1.971484 5.181652 -2.268543
v -2.844566 4.540335 -2.173470
v -3.410424 3.100094 -2.736660
v -0.948942 4.880595 -3.099144
v -1.838878 4.461881 -3.022111
v -2.650445 3.837543 -2.894543
v -3.096415 2.393695 -3.294449
v -0.871675 4.020289 -3.777389
v -1.686102 3.615992 -3.682276
v -2.444830 3.025985 -3.508117
v -4.098753 5.647067 2.454730
v -1.102867 7.244351 2.507490
v -2.167042 6.891486 2.506678
v -3.170117 6.339703 2.500814
v -4.030856 5.631119 3.496612
v -1.076672 7.075967 3.629088
v -2.119561 6.761632 3.602594
v -3.108639 6.256145 3.557029
v -4.295834 3.964370 5.886127
v -0.626868 -0.215784 9.200175
v -1.248204 -0.214633 9.123465
v -1.361079 0.743280 8.964505
v -0.684000 0.764688 9.050979
v -1.474045 1.673463 8.717108
v -0.741486 1.718532 8.812709
v -1.581044 2.587673 8.366763
v -0.796140 2.658385 8.468213
v -1.678956 3.487414 7.900712
v -0.846523 3.589361 8.002319
v -3.375374 3.800506 6.887982
v -2.595756 4.112236 7.125708
v -1.771210 4.353400 7.308545
v -0.894372 4.488439 7.407111
v -2.735969 4.850598 6.401087
v -1.870647 5.153469 6.575975
v -0.945959 5.320918 6.678452
v -2.873658 5.522093 5.526045
v -1.965515 5.884639 5.678390
v -0.994966 6.084875 5.785470
v -4.233297 4.642847 5.195528
v -4.902831 3.104535 5.979507
v -4.813516 2.562104 6.509276
v -4.683162 1.940787 6.977408
v -4.517051 1.260737 7.372162
v -4.321660 0.533375 7.703505
v -4.097522 -0.218654 7.965803
v -5.359384 2.873336 5.524632
v -5.322192 2.361775 6.005643
v -5.230274 1.790745 6.433075
v -5.103328 1.134058 6.824201
v -4.938493 0.442313 7.155798
v -4.729703 -0.273838 7.443129
v -5.736669 2.600768 5.026456
v -5.737969 2.107279 5.448483
v -5.678639 1.575484 5.836924
v -5.560732 0.953775 6.222198
v -5.403055 0.294114 6.561846
v -5.250235 -0.370944 6.855692
v -5.116107 -0.816070 7.079180
v -5.720527 -0.584420 6.147132
v -5.830240 -0.003059 5.887893
v -5.942659 0.657074 5.545873
v -6.034902 1.249851 5.180199
v -6.062234 1.769020 4.841228
v -6.019568 2.282589 4.494708
v -3.044906 2.336147 7.936368
v -2.855842 1.508311 8.323992
v -2.655300 0.666563 8.614306
v -2.448233 -0.206946 8.816515
v -4.102284 3.418818 6.570086
v -3.926298 2.822914 7.151190
v -3.728483 2.143648 7.638083
v -3.514584 1.396739 8.040697
v -3.287668 0.612732 8.359225
v -3.050761 -0.203611 8.590530
v -6.039827 -0.268276 5.394233
v -5.907900 -0.717845 5.780147
v -5.694162 -0.757582 6.214967
v -4.486382 -0.900114 7.678689
v -3.829492 -1.010179 8.186534
v -6.308810 -0.205470 4.154349
v -6.260018 -0.804099 3.342868
v -6.259168 -0.561299 3.150894
v -6.108165 -0.765003 2.482870
v -5.915806 -1.236828 2.009913
v -5.691231 -1.738404 1.523567
v -5.489361 -2.143459 1.142969
v -5.287397 -2.536663 0.780706
v -6.207621 -0.501561 2.746747
v -0.567396 -1.298261 9.290543
v -0.439081 -4.596032 8.684467
v -0.678206 -1.619822 10.548659
v -1.294774 -4.583634 8.568714
v -0.696909 -2.133235 10.832764
v -2.030324 -1.586951 10.366970
v -2.173442 -4.540508 8.353443
v -0.581680 -3.865430 10.386517
v -1.736774 -3.831390 10.238843
v -2.086138 -2.083691 10.629678
v -3.326458 -1.512164 9.928810
v -1.635415 -4.387524 9.701926
v -0.547538 -4.415675 9.818818
v -3.443020 -1.981004 10.156721
v -3.109916 -4.432317 7.964988
v -2.940554 -3.746147 9.903618
v -2.750394 -4.315613 9.443111
v -4.260165 -3.605181 9.271650
v -4.885456 -1.824193 9.304185
v -4.714380 -1.376482 9.121421
v -3.592941 -4.363191 7.668575
v -3.970371 -4.184460 8.924366
v -4.857369 -3.541883 8.814115
v -4.578789 -4.112272 8.502954
v -5.523781 -1.731471 8.723010
v -5.332371 -1.295127 8.583305
v -4.029848 -4.312584 7.313210
v -5.417252 -3.498416 8.193791
v -5.104372 -4.059540 7.960299
v -6.110625 -1.617429 8.004768
v -6.005148 -1.190899 7.793387
v -4.380668 -4.297895 6.938424
v -4.660039 -4.353381 6.519921
v -5.836244 -3.501499 7.478875
v -5.511008 -4.041836 7.332738
v -6.639993 -1.457974 7.137307
v -6.409209 -1.090389 7.197878
v -5.721167 -4.057819 6.914949
v -6.056210 -3.548369 6.946331
v -5.739838 -4.175154 6.391451
v -7.502579 -3.027773 5.009777
v -7.004398 -3.019582 5.799655
v -7.795926 -2.492922 4.539606
v -7.750761 -1.899409 4.056548
v -8.185423 0.515897 7.116891
v -6.342355 -3.139846 5.944582
v -7.429461 -1.352720 3.649389
v -8.034860 0.235233 7.421831
v -8.181924 0.891199 6.853151
v -8.308576 1.819732 8.228337
v -7.214732 0.060777 8.009878
v -7.713213 0.043048 7.786747
v -6.944798 0.149623 4.376678
v -8.223601 1.656385 8.406784
v -6.554463 -0.766784 3.284689
v -7.603429 1.659513 6.448963
v -8.026802 1.276508 6.662374
v -8.311068 2.040065 8.074964
v -8.416159 3.111730 9.325942
v -6.714334 0.392225 7.936397
v -8.045533 1.550480 8.624805
v -8.396968 3.071287 9.369387
v -7.769297 1.576099 8.769765
v -6.882581 1.400008 6.379316
v -8.228226 2.271269 7.967069
v -8.419745 3.166604 9.289461
v -8.345438 3.210405 9.383743
v -7.419046 1.780751 8.736817
v -8.365602 3.058907 9.427243
v -7.999854 2.526368 7.869257
v -8.113735 3.158130 9.508285
v -8.317859 3.097767 9.486105
v -7.564483 2.451043 7.923779
v -8.408583 3.229085 9.270432
v -8.373019 3.323042 9.281382
v -8.157259 3.338520 9.344325
v -8.085907 -1.729801 3.499173
v -7.163948 -3.414450 1.809296
v -7.307618 -3.660686 2.039109
v -6.622469 -3.926207 1.638703
v -5.325048 -3.310319 0.874526
v -7.825957 -1.616238 3.813005
v -6.777199 -4.162006 1.861280
v -8.215448 -1.998658 3.702616
v -6.353452 -5.703134 3.046913
v -6.797101 -5.617989 3.550587
v -7.857548 -3.431387 4.906170
v -6.359126 -4.027240 1.668900
v -7.945825 -1.885945 4.019096
v -5.909766 -5.750000 2.994660
v -6.531543 -5.838324 3.681140
v -7.670235 -3.001877 4.976057
v -8.005281 -3.329743 5.573439
v -6.082637 -5.911068 3.166932
v -7.652334 -3.923140 6.047870
v -7.900370 -3.731968 5.884047
v -7.817968 -2.900234 5.643323
v -7.714626 -3.296442 5.949286
v -6.072413 -3.690866 6.387804
v -7.473517 -3.492139 6.116658
v -3.606982 -7.843683 -0.849055
v -3.564008 -8.110103 -0.451739
v -5.287888 -6.660300 0.599965
v -3.989227 -6.766583 -0.655986
v -3.349837 -7.452901 -0.596662
v -5.235758 -6.900466 0.868343
v -5.531174 -6.030674 0.752584
v -5.526419 -6.610328 0.745438
v -4.354080 -5.768240 -0.389822
v -3.639133 -6.408720 -0.441869
v -5.483093 -6.818980 0.978254
v -5.376324 -6.693195 1.405586
v -5.795058 -6.046991 0.902232
v -5.760532 -5.449979 0.931325
v -4.699886 -4.862947 -0.027216
v -3.910410 -5.445275 -0.217142
v -5.658963 -6.629640 1.474655
v -5.512508 -6.480748 1.891062
v -6.051878 -5.523317 1.083900
v -5.974179 -4.927758 1.151064
v -5.039062 -4.009430 0.426898
v -4.159254 -4.583739 0.096299
v -5.829685 -6.433179 1.928348
v -5.649011 -6.246110 2.315715
v -6.298709 -5.042263 1.307581
v -6.183923 -4.431500 1.415536
v -6.001815 -6.212010 2.335689
v -5.796881 -5.971636 2.719237
v -6.185001 -5.955032 2.723144
v -6.542164 -4.587282 1.572453
v -7.156267 -2.329251 6.292051
v -7.669816 -2.038489 5.759079
v -7.911896 -1.609930 5.295833
v -7.891620 -1.040191 4.893385
v -7.632317 -0.472050 4.602570
v -5.990694 -0.993414 7.068974
v -7.359391 -1.480457 6.855675
v -7.810129 -1.218741 6.372047
v -8.021574 -0.837039 5.958737
v -8.008231 -0.328935 5.600250
v -7.784498 0.182750 5.340023
v -7.199563 0.745176 5.135656
v -6.352597 -0.312531 7.508521
v -6.929935 -0.697965 7.591241
v -7.539055 -0.716080 7.335737
v -7.927744 -0.486382 6.907092
v -8.109618 -0.152563 6.545181
v -8.101582 0.292506 6.231626
v -7.911456 0.745059 6.004038
v -7.881880 0.798341 8.214259
v -7.494160 0.818921 8.400004
v -7.069420 1.090088 8.343299
v -7.232572 1.946704 7.158239
v -7.804834 2.103681 7.155221
v -8.131729 1.782915 7.316466
v -8.250831 1.471965 7.467009
v -8.250705 1.172133 7.676920
v -8.132703 0.948816 7.920239
v -8.309790 2.354232 8.882381
v -8.362254 2.457262 8.770184
v -8.365662 2.596441 8.674116
v -8.318294 2.745148 8.609673
v -8.184801 2.922287 8.565152
v -7.858882 2.892693 8.623766
v -7.761877 2.460077 9.118407
v -8.039989 2.326110 9.124986
v -8.204060 2.294032 9.022049
v -7.400569 1.204172 5.772458
v -6.532262 0.832521 5.618620
v -6.535061 -2.358112 6.520350
v -4.949575 3.540423 5.405602
v -5.333630 3.377480 4.911880
v -5.604653 3.137553 4.510322
v -5.832489 2.832746 4.130277
v -2.464329 3.314950 7.710997
v -2.324424 2.474573 8.182144
v -2.171375 1.601742 8.548016
v -2.009410 0.709988 8.814452
v -1.845077 -0.211704 8.992455
v -0.875796 -4.592172 8.640279
v -1.093287 -4.405984 9.774076
v -1.159466 -3.853642 10.332049
v -1.392373 -2.115678 10.762386
v -1.355552 -1.608266 10.487122
v -1.120807 -1.275736 9.221831
v -1.716748 -4.569033 8.477556
v -2.181722 -4.358602 9.596366
v -2.326966 -3.796278 10.099182
v -2.777293 -2.037937 10.425862
v -2.687399 -1.554916 10.181182
v -2.211470 -1.203441 8.962179
v -2.295939 0.702504 -4.187250
v -2.616267 -4.498476 8.195632
v -3.344442 -4.257139 9.228606
v -3.591491 -3.679955 9.636480
v -4.163092 -1.907901 9.792221
v -4.021766 -1.451774 9.574947
v -3.093474 -1.125118 8.624335
v -3.377181 -0.204549 8.421736
v -3.609209 0.594749 8.179186
v -3.831460 1.361431 7.851744
v -4.035004 2.084458 7.444560
v -4.219487 2.738826 6.954720
v -4.386701 3.307386 6.393279
v -4.508306 3.639153 5.936193
v -2.865396 -1.036626 8.498143
v -3.111388 -0.227442 8.331077
v -3.338293 0.557158 8.101481
v -3.556930 1.309785 7.787056
v -3.762669 2.021386 7.391518
v -3.952028 2.668103 6.916202
v -4.125180 3.239856 6.371765
v -4.236014 3.582851 5.939982
v -6.843639 9.056683 5.751478
v -6.193639 6.941529 0.507509
v -4.093629 2.533782 -3.780312
v -4.051324 -1.976578 -1.949971
v -2.009452 -3.483906 -3.734000
v -5.545038 5.378912 -1.623039
v -5.914018 6.204873 -0.606205
v -5.079812 4.429563 -2.513327
v -2.842059 0.448640 -4.657023
v -2.877953 -2.914057 -3.090345
v -1.092258 -4.030550 -4.333403
v -6.611750 8.094730 3.018120
v -6.415796 7.557792 1.705046
v -6.730703 8.631672 4.515791
v -5.019140 -0.666119 -0.902328
v -5.409377 0.130693 -0.466787
v -5.741873 0.874732 0.058054
v -5.997105 1.503496 0.678457
v -6.182061 1.989659 1.375186
v -6.319322 2.383130 2.147927
v -6.395245 2.625987 2.940032
v -6.467079 2.760231 3.684242
v -6.771446 6.285801 4.593862
v -6.629080 4.427547 4.045718
v -6.849494 7.924024 5.210156
v -5.306495 7.283485 4.918646
v -4.519454 6.274489 4.596025
v -6.048933 8.151413 5.298039
v -4.591681 3.476559 -3.219951
v -4.687170 6.103446 4.545108
v -5.471348 7.111445 4.857074
v -6.322716 8.116380 5.278619
v -6.349446 4.399353 4.069086
v -6.511600 6.244379 4.576002
v -6.633868 7.997797 5.250528
v -3.573304 -2.323778 -1.724676
v -2.593921 -3.040680 -2.745955
v -1.820981 -3.551230 -3.207271
v -1.005357 -4.103532 -3.581448
v 0.000000 -4.803862 -3.950630
v -2.855946 -0.737480 -4.102740
v -1.993754 -1.773709 -4.567704
v -1.086113 -2.806150 -4.962667
v -3.498326 1.507647 -4.260495
v -3.547947 -2.411397 -2.499759
v -3.206487 -2.612493 -2.207711
v -2.650624 -0.595011 -3.953119
v -1.819848 -1.634595 -4.421649
v -0.912861 -2.652757 -4.808742
v -4.565861 4.516631 5.811259
v -4.802179 4.239158 5.858846
v -5.266890 5.968014 5.598810
v -5.557496 5.802544 5.628404
v -2.245306 -1.112269 -4.192428
v -2.432731 -1.251125 -4.339069
v -2.451917 -3.198318 -3.412970
v -2.214065 -3.290434 -2.982226
v -1.405251 -2.111542 -4.611386
v -1.578184 -2.252846 -4.758697
v -1.589846 -3.740040 -4.016806
v -1.446999 -3.802107 -3.393255
v -0.480673 -3.119675 -4.971457
v -0.571774 -3.377426 -5.165492
v -0.575072 -4.325883 -4.653811
v -0.529397 -4.433966 -3.761390
v -1.752525 0.739891 -4.519019
v -0.322843 0.271979 -5.019211
v -1.065323 0.434432 -4.845551
v 0.000000 -3.625213 -5.174463
v 0.000000 0.254483 -5.055096
v 0.000000 -3.574151 -5.488197
v 0.000000 -1.087110 -6.734068
v 0.000000 0.331292 -5.360173
v -2.637267 -0.600287 -3.985982
v -1.810677 -1.634632 -4.452151
v -0.908261 -2.647664 -4.837295
v -2.556343 0.564263 -4.452887
v -0.698484 0.318512 -4.986650
v -1.411435 0.564634 -4.723547
v -2.071679 0.906286 -4.358325
v -2.284369 0.690690 -4.218934
v -2.688156 -0.646580 -4.316767
v -2.597662 0.673863 -4.889676
v -1.919062 0.116168 -5.487542
v -1.927619 -1.485734 -4.751535
v -1.007487 -0.473608 -6.119843
v -1.009462 -2.481786 -5.146219
v -0.758466 0.399764 -5.287704
v -1.494666 0.651697 -5.017446
v -2.119370 0.982612 -4.652194
v -2.268494 0.391715 -5.192145
v -2.313727 -1.060987 -4.540543
v -2.233992 -1.114937 -4.224086
v -1.743694 0.727888 -4.549030
v -1.821689 0.814942 -4.838389
v -1.506079 -0.164331 -5.791848
v -1.504503 -1.946145 -4.949853
v -1.398170 -2.109175 -4.640935
v -1.059955 0.423969 -4.873917
v -1.145747 0.511867 -5.168665
v -0.531066 -0.764679 -6.414362
v -0.530207 -3.000392 -5.313537
v -0.478251 -3.112229 -4.999189
v -0.321217 0.262335 -5.046703
v -0.351710 0.339957 -5.350860
v -4.771543 -3.012484 0.820569
v -4.705232 -2.941446 0.709535
v -4.517193 -2.864959 0.504467
v -4.838266 -4.487479 6.114447
v -4.855688 -4.496134 6.085277
v -2.758152 -5.031062 7.919126
v -2.461755 -5.036351 8.060920
v -2.921203 -5.013988 7.841124
v -0.194971 -4.960132 8.570952
v -0.417359 -4.998882 8.551349
v 0.000000 -4.929440 8.588139
v -0.000000 -4.929440 8.588139
v -1.104003 -4.907496 8.490822
v -1.237350 -4.943666 8.454618
v -0.834317 -4.978748 8.514594
v -1.861145 -4.994435 8.285259
v -1.626916 -4.996415 8.348852
v -2.062000 -4.981738 8.230728
v -3.203336 -4.945406 7.690941
v -3.373467 -4.971004 7.565979
v -3.143935 -4.931158 7.734571
v -4.635022 -4.534982 6.413773
v -4.705232 -4.485592 6.337205
v -4.555438 -4.610891 6.500565
v -3.809632 -4.872885 7.245611
v -3.634763 -4.923030 7.374053
v -4.019350 -4.766155 7.085205
v -4.195342 -4.766203 6.893273
v -4.001471 -4.764195 7.104703
v -4.347465 -4.703534 6.727373
v -4.787392 -3.229881 0.847107
v -5.620862 -6.002140 3.177399
v -5.658935 -6.003172 3.523370
v -5.636916 -6.013016 3.723459
v -5.550200 -5.496836 4.511457
v -5.253420 -4.968835 5.387086
v -3.343293 -7.490987 -0.541402
v -3.521397 -8.047553 -0.410583
v -4.705232 -7.214660 0.709535
v -3.579898 -8.079430 -0.367613
v -4.001471 -7.780616 -0.057963
v -4.999043 -6.939050 1.201503
v -3.620903 -6.494134 -0.337494
v -5.310148 -6.597601 1.827027
v -5.228174 -6.710247 1.585166
v -3.895024 -5.515677 -0.136149
v -5.467744 -6.336175 2.292003
v -4.001471 -5.137600 -0.057963
v -4.156428 -4.596823 0.111028
v -4.190383 -4.478290 0.148058
v -4.500308 -3.805230 0.486052
v -5.550200 -6.172181 2.535282
v -5.571783 -6.059927 2.731416
v -4.708828 -3.436635 0.715558
v -4.705232 -3.446653 0.709535
v -5.578888 -6.013963 2.795981
v -5.605466 -5.849825 3.037498
v -5.052813 -4.671816 5.755204
v -5.239645 -4.938056 5.427726
v -5.204364 -4.867729 5.501441
v -5.228174 -4.906535 5.461573
v -1.429431 -4.971869 8.402469
v -2.295444 -4.996191 8.140481
v -2.165581 -4.955929 8.202606
v 0.000000 -4.970334 8.711535
vn -0.1100 0.3338 -0.9362
vn -0.1145 0.4802 -0.8697
vn -0.1226 0.7188 -0.6844
vn -0.1254 0.8820 -0.4542
vn -0.1242 0.9353 -0.3314
vn -0.1211 0.9764 -0.1786
vn -0.9293 0.0212 -0.3686
vn -0.1145 0.9932 -0.0189
vn -0.9553 0.1728 -0.2397
vn -0.9639 0.2497 -0.0919
vn -0.8164 0.4849 0.3135
vn -0.0833 0.8566 0.5092
vn -0.0748 0.7542 0.6524
vn -0.5832 0.5326 0.6133
vn -0.0666 0.6532 0.7542
vn -0.5378 0.4779 0.6945
vn -0.0598 0.5479 0.8344
vn -0.5744 -0.7213 -0.3871
vn -0.5475 -0.6646 -0.5085
vn -0.5202 -0.6254 -0.5816
vn -0.9514 0.2466 -0.1847
vn -0.9469 0.0950 -0.3071
vn -0.9006 -0.0484 -0.4319
vn -0.9230 -0.1680 -0.3461
vn -0.8787 -0.0813 -0.4704
vn -0.9034 -0.1410 -0.4049
vn -0.8874 -0.1754 -0.4263
vn -0.9617 -0.0039 -0.2742
vn -0.9777 0.0409 -0.2061
vn -0.9867 0.0744 -0.1442
vn -0.9926 0.1217 0.0041
vn -0.8942 -0.1914 -0.4047
vn -0.9691 -0.0881 -0.2305
vn -0.9850 -0.0444 -0.1665
vn -0.9952 -0.0231 -0.0946
vn -0.9977 0.0346 0.0586
vn -0.8796 -0.1475 -0.4523
vn -0.9477 -0.1317 -0.2907
vn -0.9395 -0.0582 -0.3375
vn -0.9124 -0.1158 -0.3926
vn -0.5075 0.5612 -0.6538
vn -0.3314 0.4249 -0.8424
vn -0.3499 0.6558 -0.6690
vn -0.3542 0.7440 -0.5666
vn -0.3566 0.8201 -0.4474
vn -0.3530 0.8756 -0.3298
vn -0.3442 0.9205 -0.1849
vn -0.3005 0.9439 0.1369
vn -0.2698 0.9103 0.3140
vn -0.2387 0.8382 0.4904
vn -0.1580 0.4378 0.8851
vn -0.1211 0.0516 0.9913
vn -0.0397 0.0545 0.9977
vn -0.4815 0.3421 -0.8070
vn -0.5167 0.6508 -0.5563
vn -0.5241 0.7279 -0.4421
vn -0.5242 0.7851 -0.3299
vn -0.5166 0.8329 -0.1984
vn -0.4679 0.8768 0.1107
vn -0.4372 0.8530 0.2850
vn -0.4048 0.7923 0.4564
vn -0.1434 0.1447 -0.9790
vn -0.5772 0.3678 -0.7291
vn -0.6007 0.5687 -0.5619
vn -0.6280 0.7040 -0.3317
vn -0.6322 0.7451 -0.2124
vn -0.6265 0.7756 -0.0774
vn -0.5591 0.7937 0.2399
vn -0.6889 0.6031 0.4021
vn -0.5062 0.7478 0.4296
vn -0.4786 0.6581 0.5813
vn -0.4545 0.5873 0.6697
vn -0.2568 0.1060 -0.9606
vn -0.4502 0.1185 -0.8851
vn -0.3216 0.2794 -0.9047
vn -0.4669 0.2034 -0.8606
vn -0.3005 0.2441 -0.9220
vn -0.6163 0.6483 -0.4471
vn -0.1244 0.8065 -0.5780
vn -0.1194 0.6117 -0.7821
vn -0.4961 0.4591 -0.7370
vn -0.3424 0.5508 -0.7611
vn -0.5863 0.4736 -0.6573
vn -0.5788 0.2517 -0.7756
vn -0.1053 0.9825 0.1537
vn -0.3261 0.9448 -0.0321
vn -0.4959 0.8666 -0.0561
vn -0.0943 0.9382 0.3329
vn -0.6075 0.7904 0.0786
vn -0.7035 0.2392 0.6692
vn -0.0439 0.1469 0.9882
vn -0.3840 0.1335 0.9136
vn -0.2212 0.1405 0.9651
vn -0.1257 0.1451 0.9814
vn -0.4172 0.2206 0.8816
vn -0.2414 0.2296 0.9429
vn -0.1355 0.2359 0.9623
vn -0.0473 0.2383 0.9700
vn -0.4522 0.3050 0.8382
vn -0.2645 0.3254 0.9078
vn -0.1466 0.3360 0.9304
vn -0.0511 0.3401 0.9390
vn -0.2891 0.4231 0.8587
vn -0.0551 0.4436 0.8945
vn -0.3169 0.5193 0.7936
vn -0.1716 0.5406 0.8236
vn -0.3476 0.6157 0.7072
vn -0.1911 0.6448 0.7400
vn -0.3749 0.7025 0.6049
vn -0.2143 0.7414 0.6360
vn -0.7283 0.5411 0.4205
vn -0.7261 0.4285 0.5377
vn -0.7182 0.3273 0.6140
vn -0.6804 0.1613 0.7148
vn -0.6542 0.0885 0.7511
vn -0.8230 0.3633 0.4367
vn -0.8204 0.2632 0.5076
vn -0.8123 0.1812 0.5544
vn -0.8009 0.1020 0.5900
vn -0.7727 0.0634 0.6316
vn -0.9644 0.1978 0.1756
vn -0.9027 0.1924 0.3850
vn -0.9542 0.0311 0.2975
vn -0.9558 -0.0565 0.2886
vn -0.9682 -0.0826 0.2361
vn -0.8276 -0.0609 0.5580
vn -0.8469 0.0563 0.5288
vn -0.8695 0.0744 0.4883
vn -0.8910 0.1174 0.4386
vn -0.9045 0.2832 0.3190
vn -0.8785 0.4362 0.1949
vn -0.8974 -0.3634 0.2504
vn -0.9643 0.1247 0.2335
vn -0.9253 0.3547 0.1344
vn -0.4893 0.3949 0.7776
vn -0.6591 0.5543 0.5083
vn -0.6216 0.4711 0.6258
vn -0.5962 0.3832 0.7055
vn -0.5764 0.2862 0.7654
vn -0.5562 0.2004 0.8065
vn -0.5333 0.1160 0.8379
vn -0.6402 0.5694 0.5157
vn -0.7187 -0.0075 0.6953
vn -0.5018 0.0125 0.8649
vn -0.6236 -0.0132 0.7816
vn -0.9890 -0.0570 0.1362
vn -0.9802 -0.1857 0.0680
vn -0.9843 -0.0445 -0.1711
vn -0.9655 -0.1976 -0.1697
vn -0.9511 -0.2367 -0.1985
vn -0.9358 -0.2450 -0.2533
vn -0.9212 -0.2406 -0.3058
vn -0.4963 -0.5814 -0.6447
vn 0.0017 0.9715 0.2371
vn -0.0157 0.4863 0.8736
vn -0.0052 0.9686 0.2487
vn -0.0244 -0.2482 0.9684
vn -0.1413 0.4786 0.8666
vn -0.0239 0.9632 0.2676
vn -0.1794 -0.2515 0.9511
vn -0.1283 -0.7079 0.6946
vn -0.0197 -0.7200 0.6937
vn -0.2942 0.4769 0.8283
vn -0.0623 0.9564 0.2853
vn -0.3488 -0.2406 0.9058
vn -0.2579 -0.6721 0.6941
vn -0.4452 0.4865 0.7517
vn -0.1053 -0.9853 0.1348
vn -0.0498 -0.9883 0.1438
vn -0.0062 -0.9894 0.1453
vn -0.5277 -0.2185 0.8209
vn -0.4125 -0.6288 0.6591
vn -0.1678 -0.9809 0.0983
vn -0.0969 0.9525 0.2888
vn -0.6436 -0.2167 0.7341
vn -0.5112 -0.6082 0.6073
vn -0.5471 0.4762 0.6884
vn -0.1790 -0.9806 0.0802
vn -0.1539 0.9499 0.2722
vn -0.7519 -0.2272 0.6189
vn -0.6163 -0.5850 0.5272
vn -0.6441 0.4675 0.6055
vn -0.1781 -0.9809 0.0780
vn -0.2949 0.9287 0.2248
vn -0.8416 -0.2520 0.4777
vn -0.7046 -0.5660 0.4280
vn -0.7519 0.4313 0.4986
vn -0.1750 -0.9795 0.0997
vn -0.7490 -0.5452 0.3765
vn -0.9053 -0.2727 0.3258
vn -0.1769 -0.9675 0.1806
vn -0.1871 -0.9323 0.3096
vn -0.4320 -0.2889 0.8543
vn -0.0358 -0.2557 0.9661
vn -0.1658 -0.2612 0.9509
vn -0.2649 -0.2762 0.9239
vn -0.5258 -0.2909 0.7993
vn -0.8915 -0.0831 0.4453
vn -0.6156 -0.2988 0.7292
vn -0.6952 -0.2984 0.6540
vn -0.7656 -0.3000 0.5691
vn -0.9085 -0.3577 0.2161
vn -0.7362 -0.5316 0.4188
vn -0.9872 -0.0399 -0.1545
vn -0.8969 0.1919 -0.3984
vn -0.9414 -0.2641 0.2097
vn -0.9975 -0.0439 -0.0558
vn 0.9382 0.3433 -0.0434
vn -0.7840 -0.4186 0.4584
vn -0.9475 -0.2466 0.2037
vn -0.3494 -0.5089 0.7867
vn 0.3008 0.7921 -0.5311
vn 0.2758 0.8044 -0.5262
vn -0.9330 0.2097 -0.2924
vn -0.9981 -0.0577 -0.0231
vn 0.3350 -0.3223 0.8854
vn -0.8109 -0.3931 0.4334
vn -0.7087 0.5070 -0.4906
vn -0.7927 0.2284 0.5652
vn -0.4005 -0.4868 0.7763
vn 0.2244 0.8600 -0.4583
vn -0.9576 0.1654 -0.2358
vn -0.8198 0.3039 0.4854
vn 0.1757 -0.3716 0.9116
vn 0.9141 0.3757 0.1523
vn -0.7462 0.4925 -0.4478
vn -0.8159 0.3528 0.4581
vn -0.7731 0.2359 0.5888
vn 0.9102 0.3759 0.1737
vn 0.1220 0.8839 -0.4516
vn -0.7983 0.4013 0.4491
vn -0.1877 0.6774 0.7112
vn -0.5195 0.8524 0.0592
vn -0.5856 0.3954 -0.7076
vn -0.8652 0.0368 -0.5001
vn -0.4455 -0.1216 -0.8870
vn -0.0477 -0.1023 -0.9936
vn -0.5738 -0.3386 -0.7457
vn -0.7209 0.5988 0.3488
vn -0.6772 -0.5546 -0.4835
vn -0.9238 -0.3520 -0.1504
vn -0.4966 -0.8164 -0.2949
vn -0.6858 -0.6882 0.2368
vn -0.8524 0.4515 -0.2639
vn -0.1965 -0.9799 -0.0336
vn -0.2055 -0.8085 0.5515
vn -0.7835 0.2589 0.5649
vn -0.1860 -0.1296 0.9740
vn -0.5310 0.0619 0.8451
vn -0.0291 0.5890 0.8076
vn -0.7050 -0.6106 -0.3607
vn -0.6882 -0.1232 -0.7150
vn 0.8017 -0.4020 -0.4424
vn 0.3571 0.2493 -0.9002
vn -0.4710 -0.7050 -0.5303
vn -0.5004 -0.8541 0.1417
vn -0.5254 -0.0174 -0.8507
vn -0.6828 -0.0533 -0.7286
vn 0.5468 -0.7551 0.3617
vn 0.9602 0.2728 -0.0604
vn 0.2155 0.3013 -0.9289
vn -0.9066 -0.3878 -0.1665
vn -0.1937 -0.9400 0.2810
vn -0.4279 -0.8654 0.2606
vn -0.5148 0.0509 -0.8558
vn -0.6754 0.0352 -0.7366
vn 0.9503 0.2927 -0.1064
vn 0.0798 0.3785 -0.9222
vn -0.9076 -0.3851 -0.1671
vn -0.1625 -0.9240 0.3461
vn -0.3906 -0.8525 0.3475
vn -0.5099 0.1396 -0.8488
vn -0.6719 0.1160 -0.7315
vn 0.9246 0.3279 -0.1942
vn -0.0472 0.4251 -0.9039
vn -0.9074 -0.3851 -0.1680
vn -0.1247 -0.8902 0.4381
vn -0.3594 -0.8264 0.4335
vn -0.5099 0.2188 -0.8319
vn 0.6703 0.7421 -0.0018
vn -0.9073 -0.3853 -0.1684
vn -0.0957 -0.8456 0.5251
vn -0.5158 0.3055 -0.8004
vn -0.0852 -0.7270 0.6814
vn -0.9001 -0.3937 -0.1867
vn -0.5257 0.8439 0.1067
vn -0.5147 0.8572 0.0181
vn -0.5599 0.8285 -0.0136
vn 0.2946 0.7705 -0.5653
vn -0.6055 0.4942 -0.6238
vn -0.7893 0.2819 0.5455
vn -0.8025 0.2342 0.5488
vn -0.8174 0.2288 0.5287
vn 0.2678 0.9583 -0.0998
vn -0.0273 0.7105 0.7032
vn 0.0207 0.5896 0.8074
vn 0.0857 0.6044 0.7921
vn -0.1037 0.6891 0.7172
vn -0.1284 0.4986 -0.8573
vn -0.3252 -0.7398 0.5891
vn -0.6777 0.1835 -0.7121
vn -0.1219 -0.6778 -0.7250
vn -0.1258 -0.5461 -0.8282
vn -0.1022 -0.5793 -0.8087
vn -0.1111 -0.6486 -0.7530
vn -0.8002 0.2346 0.5520
vn -0.1998 0.5736 0.7944
vn -0.1262 -0.8417 0.5250
vn -0.0568 -0.7941 0.6052
vn -0.0126 -0.7889 0.6144
vn 0.0968 -0.7478 0.6568
vn -0.8191 -0.5607 0.1214
vn -0.9374 -0.3372 0.0873
vn -0.0626 0.6217 0.7808
vn -0.7499 -0.4773 0.4580
vn -0.9314 -0.3053 0.1983
vn -0.9926 -0.0485 -0.1117
vn -0.9029 0.2154 -0.3720
vn -0.6405 0.4948 -0.5872
vn 0.5001 -0.3734 0.7813
vn -0.2926 -0.5630 0.7729
vn -0.7599 -0.4615 0.4577
vn -0.9343 -0.2947 0.2007
vn -0.9941 -0.0471 -0.0978
vn -0.9113 0.2146 -0.3513
vn -0.6632 0.4984 -0.5583
vn 0.3728 -0.3354 0.8652
vn -0.3143 -0.5417 0.7796
vn -0.7686 -0.4456 0.4590
vn -0.9369 -0.2834 0.2046
vn -0.9955 -0.0447 -0.0830
vn -0.9190 0.2149 -0.3305
vn -0.3331 -0.5227 0.7847
vn 0.3606 -0.3219 0.8754
vn 0.9144 0.3762 0.1496
vn 0.2475 0.8461 -0.4720
vn -0.6947 0.5065 -0.5107
vn -0.9262 0.2139 -0.3106
vn -0.9967 -0.0432 -0.0686
vn -0.9393 -0.2728 0.2081
vn -0.7765 -0.4309 0.4597
vn -0.3694 -0.5014 0.7824
vn 0.2865 -0.3392 0.8960
vn 0.9144 0.3733 0.1566
vn 0.1898 0.8698 -0.4555
vn -0.7230 0.5012 -0.4755
vn -0.9406 0.1991 -0.2751
vn -0.9978 -0.0476 -0.0452
vn -0.9435 -0.2578 0.2083
vn -0.7920 -0.4092 0.4530
vn -0.6794 0.5032 -0.5340
vn 0.2608 0.8314 -0.4907
vn 0.9151 0.3758 0.1458
vn 0.3764 -0.3924 0.8392
vn -0.2883 -0.5717 0.7681
vn -0.2862 -0.6282 0.7235
vn -0.1904 0.9501 0.2471
vn -0.1911 0.9624 0.1932
vn -0.1957 0.9617 0.1921
vn 0.9235 0.3681 0.1083
vn 0.9306 0.3480 0.1136
vn -0.9646 -0.1774 -0.1953
vn -0.9914 -0.0630 -0.1151
vn -0.5737 0.4500 -0.6843
vn -0.5676 0.3630 -0.7390
vn -0.5785 0.3878 -0.7176
vn -0.5784 0.4192 -0.6998
vn -0.5755 0.4767 -0.6645
vn -0.4159 0.5036 0.7572
vn -0.3798 0.4156 0.8265
vn -0.3476 0.3206 0.8811
vn -0.3171 0.2293 0.9203
vn -0.2895 0.1407 0.9468
vn -0.2707 0.0443 0.9617
vn -0.0985 -0.2638 0.9595
vn -0.0269 -0.9890 0.1452
vn -0.0749 -0.7166 0.6935
vn -0.0999 -0.2508 0.9629
vn -0.0735 0.4832 0.8724
vn 0.0004 0.9703 0.2417
vn -0.2149 -0.2722 0.9379
vn -0.0737 -0.9872 0.1416
vn -0.1893 -0.6925 0.6962
vn -0.2650 -0.2485 0.9317
vn -0.2185 0.4754 0.8522
vn -0.0148 0.9664 0.2564
vn -0.2041 0.0462 0.9779
vn -0.3508 0.0408 0.9356
vn -0.1998 0.1522 -0.9680
vn -0.9973 -0.0713 -0.0168
vn -0.3458 -0.2806 0.8954
vn -0.1386 -0.9829 0.1214
vn -0.3301 -0.6502 0.6843
vn -0.4263 -0.2279 0.8754
vn -0.3588 0.4846 0.7978
vn -0.0422 0.9597 0.2780
vn -0.9261 -0.2823 0.2503
vn 0.4496 0.3106 0.8375
vn -0.0075 0.9582 0.2861
vn 0.4417 0.3724 0.8163
vn -0.9622 -0.2459 0.1175
vn 0.4233 0.4536 0.7843
vn -0.9658 -0.2338 0.1124
vn 0.4169 0.5307 0.7379
vn -0.9696 -0.2210 0.1054
vn -0.9722 -0.2130 0.0968
vn 0.4180 0.6147 0.6689
vn 0.4057 0.6963 0.5921
vn -0.9750 -0.1999 0.0966
vn 0.2968 0.8107 0.5047
vn -0.9869 -0.1057 0.1217
vn -0.5936 0.1159 -0.7963
vn -0.6390 -0.3434 -0.6883
vn -0.9805 -0.0250 -0.1950
vn -0.8485 -0.1921 -0.4931
vn -0.6943 -0.2982 -0.6550
vn -0.9353 -0.0787 -0.3451
vn -0.9642 -0.0439 -0.2614
vn -0.8998 -0.1228 -0.4187
vn -0.8083 -0.2244 -0.5444
vn -0.6647 -0.3186 -0.6758
vn -0.9885 -0.0191 -0.1503
vn -0.9926 0.0273 -0.1184
vn 0.6121 0.7541 -0.2380
vn 0.4147 0.6390 -0.6478
vn 0.5328 0.7514 -0.3893
vn 0.5705 0.7574 -0.3175
vn 0.4976 0.7245 -0.4770
vn 0.3840 0.5803 -0.7182
vn 0.7414 0.6670 -0.0734
vn 0.6472 0.7425 -0.1727
vn 0.8625 0.4996 0.0810
vn -0.9951 -0.0877 -0.0459
vn -0.9897 0.1003 -0.1018
vn 0.6820 0.7157 -0.1509
vn -0.8745 -0.1601 -0.4578
vn 0.4576 0.6895 -0.5615
vn 0.7897 0.6134 0.0012
vn -0.5033 -0.6150 0.6070
vn -0.5522 -0.5955 0.5835
vn -0.5847 -0.6239 0.5186
vn -0.6102 -0.6694 0.4238
vn -0.6370 -0.7023 0.3179
vn -0.6682 -0.7079 0.2289
vn -0.6910 -0.7074 0.1485
vn -0.6849 -0.7238 0.0845
vn -0.9876 -0.0296 -0.1540
vn -0.1060 -0.2384 0.9654
vn -0.1737 -0.3857 0.9061
vn -0.1447 -0.3607 0.9214
vn -0.1487 -0.2826 0.9477
vn 0.0326 -0.1423 0.9893
vn 0.0759 -0.2441 0.9668
vn 0.1247 -0.3062 0.9438
vn 0.1259 -0.3147 0.9408
vn -0.5995 -0.7984 0.0556
vn -0.5237 -0.8513 0.0321
vn -0.5169 -0.8531 0.0705
vn -0.5528 -0.8312 -0.0593
vn -0.6426 -0.7661 0.0149
vn 0.3912 0.5247 -0.7560
vn -0.7626 -0.2521 -0.5957
vn -0.5479 -0.8339 0.0662
vn 0.6802 -0.3133 -0.6627
vn 0.1476 0.5323 -0.8336
vn 0.2047 0.5118 -0.8344
vn 0.2130 0.4921 -0.8441
vn -0.7523 -0.2502 -0.6095
vn -0.7428 -0.2750 -0.6105
vn -0.0525 0.1310 0.9900
vn 0.0191 0.1420 0.9897
vn 0.0136 0.1525 0.9882
vn 0.7338 0.4627 0.4975
vn 0.7641 0.4436 0.4684
vn -0.7654 -0.2639 0.5869
vn -0.7218 -0.2566 0.6428
vn 0.0486 -0.3530 0.9343
vn -0.7481 -0.2225 0.6252
vn -0.7505 -0.2232 0.6220
vn -0.6847 -0.2892 0.6690
vn -0.7491 -0.2315 0.6207
vn 0.0589 0.1033 0.9929
vn 0.7680 0.4394 0.4659
vn 0.8207 0.3305 0.4661
vn -0.7658 -0.2439 0.5950
vn 0.7652 0.4389 0.4710
vn -0.9925 -0.0257 -0.1193
vn 0.7657 0.6414 -0.0473
vn 0.6717 0.7221 -0.1657
vn 0.6464 0.7323 -0.2142
vn 0.1910 0.5236 -0.8303
vn -0.6887 -0.3030 -0.6586
vn -0.5182 -0.8532 0.0597
vn 0.2120 0.4999 -0.8397
vn -0.6460 -0.3322 -0.6872
vn -0.5364 -0.8439 -0.0106
vn 0.2071 0.4786 -0.8533
vn -0.6254 -0.3739 -0.6849
vn -0.5389 -0.8351 -0.1104
vn -0.4219 0.1052 -0.9005
vn -0.0285 0.0794 -0.9964
vn -0.1278 0.1921 -0.9730
vn -0.2411 0.1945 -0.9508
vn -0.5372 -0.0208 -0.8432
vn -0.4877 -0.0286 -0.8726
vn -0.4265 -0.0354 -0.9038
vn -0.3606 -0.0330 -0.9321
vn -0.2731 -0.0171 -0.9618
vn -0.2065 0.0116 -0.9784
vn -0.6062 0.0046 -0.7953
vn 1.0000 -0.0000 -0.0000
vn -0.7359 -0.2340 -0.6354
vn -0.6746 -0.3035 -0.6729
vn -0.6250 -0.3361 -0.7046
vn -0.9811 0.1210 0.1512
vn -0.0196 0.6889 -0.7246
vn -0.0595 0.6830 -0.7279
vn -0.0997 0.6897 -0.7172
vn 0.2714 0.0055 0.9624
vn 0.4221 0.0165 0.9064
vn 0.4804 0.0186 0.8769
vn -0.3507 0.2562 0.9008
vn -0.7021 -0.6822 0.2041
vn -0.7391 -0.6726 0.0367
vn -0.7386 -0.6739 -0.0178
vn 0.1790 0.9542 0.2397
vn 0.4248 0.8919 0.1548
vn 0.5165 0.8458 0.1337
vn -0.6064 0.7686 0.2036
vn -0.5610 0.7807 0.2752
vn -0.7105 -0.2735 -0.6483
vn -0.7310 -0.6732 0.1116
vn 0.4837 0.0065 0.8752
vn 0.4952 0.8593 0.1279
vn -0.0711 0.6799 -0.7299
vn -0.6420 -0.3241 -0.6948
vn -0.7390 -0.6738 -0.0024
vn 0.3567 0.0176 0.9341
vn 0.3304 0.9236 0.1946
vn -0.0409 0.6866 -0.7258
vn -0.5962 -0.3551 -0.7201
vn -0.7195 -0.6919 -0.0595
vn 0.2366 -0.0231 0.9713
vn 0.0270 0.9643 0.2634
vn 0.0010 0.6887 -0.7251
vn -0.9219 -0.3638 -0.1336
vn 0.1100 -0.3339 0.9362
vn 0.1145 -0.4802 0.8696
vn 0.1227 -0.7188 0.6843
vn 0.1255 -0.8821 0.4541
vn 0.1243 -0.9353 0.3314
vn 0.1212 -0.9765 0.1785
vn 0.9375 0.0013 0.3479
vn 0.1146 -0.9932 0.0188
vn 0.9626 -0.1493 0.2261
vn 0.9711 -0.2236 0.0831
vn 0.8202 -0.4731 -0.3216
vn 0.0833 -0.8565 -0.5094
vn 0.0748 -0.7541 -0.6525
vn 0.5743 -0.5394 -0.6159
vn 0.0666 -0.6531 -0.7543
vn 0.5260 -0.4846 -0.6989
vn 0.0599 -0.5478 -0.8345
vn 0.5702 0.7268 0.3830
vn 0.5423 0.6693 0.5079
vn 0.5140 0.6292 0.5830
vn 0.9601 -0.2187 0.1743
vn 0.9541 -0.0729 0.2906
vn 0.9111 0.0750 0.4053
vn 0.9230 0.1680 0.3462
vn 0.8966 0.1063 0.4298
vn 0.8981 0.1668 0.4069
vn 0.8893 0.1715 0.4240
vn 0.9616 0.0039 0.2744
vn 0.9777 -0.0408 0.2062
vn 0.9867 -0.0742 0.1446
vn 0.9926 -0.1213 -0.0040
vn 0.8968 0.1870 0.4010
vn 0.9691 0.0881 0.2303
vn 0.9851 0.0444 0.1664
vn 0.9952 0.0234 0.0949
vn 0.9977 -0.0343 -0.0584
vn 0.8936 0.1690 0.4158
vn 0.9477 0.1318 0.2908
vn 0.9395 0.0582 0.3376
vn 0.9123 0.1158 0.3927
vn 0.5079 -0.5610 0.6537
vn 0.3318 -0.4248 0.8423
vn 0.3502 -0.6557 0.6688
vn 0.3546 -0.7438 0.5665
vn 0.3570 -0.8201 0.4473
vn 0.3533 -0.8755 0.3298
vn 0.3445 -0.9204 0.1848
vn 0.3006 -0.9439 -0.1369
vn 0.2698 -0.9103 -0.3141
vn 0.2385 -0.8381 -0.4905
vn 0.1579 -0.4378 -0.8851
vn 0.1210 -0.0766 -0.9897
vn 0.0395 -0.0792 -0.9961
vn 0.4818 -0.3420 0.8068
vn 0.5170 -0.6506 0.5563
vn 0.5244 -0.7277 0.4420
vn 0.5246 -0.7848 0.3299
vn 0.5169 -0.8327 0.1984
vn 0.4681 -0.8767 -0.1106
vn 0.4374 -0.8529 -0.2849
vn 0.4051 -0.7922 -0.4564
vn 0.1449 -0.1440 0.9789
vn 0.5602 -0.3773 0.7374
vn 0.5838 -0.5799 0.5683
vn 0.6093 -0.7177 0.3370
vn 0.6121 -0.7603 0.2172
vn 0.6044 -0.7925 0.0816
vn 0.5395 -0.8033 -0.2521
vn 0.6190 -0.6518 -0.4382
vn 0.5042 -0.7481 -0.4314
vn 0.4785 -0.6579 -0.5815
vn 0.4545 -0.5873 -0.6697
vn 0.2558 -0.1058 0.9609
vn 0.4503 -0.1182 0.8850
vn 0.3222 -0.2792 0.9046
vn 0.4674 -0.2034 0.8604
vn 0.2978 -0.2427 0.9232
vn 0.5988 -0.6607 0.4528
vn 0.1244 -0.8065 0.5779
vn 0.1195 -0.6117 0.7820
vn 0.4965 -0.4589 0.7368
vn 0.3428 -0.5508 0.7610
vn 0.5697 -0.4837 0.6644
vn 0.5584 -0.2622 0.7870
vn 0.1053 -0.9825 -0.1538
vn 0.3263 -0.9447 0.0321
vn 0.4962 -0.8664 0.0562
vn 0.0943 -0.9382 -0.3331
vn 0.5812 -0.8104 -0.0743
vn 0.7034 -0.2393 -0.6693
vn 0.0439 -0.1468 -0.9882
vn 0.3644 -0.1404 -0.9206
vn 0.2213 -0.1404 -0.9651
vn 0.1256 -0.1450 -0.9814
vn 0.3995 -0.2275 -0.8881
vn 0.2415 -0.2295 -0.9429
vn 0.1354 -0.2358 -0.9623
vn 0.0473 -0.2382 -0.9701
vn 0.4363 -0.3119 -0.8440
vn 0.2646 -0.3253 -0.9078
vn 0.1465 -0.3359 -0.9304
vn 0.0512 -0.3400 -0.9390
vn 0.2893 -0.4230 -0.8587
vn 0.0551 -0.4435 -0.8946
vn 0.3171 -0.5192 -0.7937
vn 0.1714 -0.5405 -0.8237
vn 0.3479 -0.6156 -0.7071
vn 0.1909 -0.6448 -0.7401
vn 0.3751 -0.7023 -0.6050
vn 0.2141 -0.7413 -0.6362
vn 0.7328 -0.5270 -0.4304
vn 0.7258 -0.4287 -0.5379
vn 0.7182 -0.3274 -0.6141
vn 0.6803 -0.1613 -0.7150
vn 0.6541 -0.0883 -0.7512
vn 0.8229 -0.3632 -0.4370
vn 0.8205 -0.2630 -0.5076
vn 0.8124 -0.1811 -0.5543
vn 0.8012 -0.1017 -0.5897
vn 0.7729 -0.0633 -0.6313
vn 0.9644 -0.1974 -0.1757
vn 0.9027 -0.1921 -0.3851
vn 0.9483 -0.0822 -0.3066
vn 0.9291 -0.0373 -0.3678
vn 0.9140 -0.0384 -0.4038
vn 0.8333 -0.0434 -0.5512
vn 0.8468 -0.0563 -0.5289
vn 0.8695 -0.0743 -0.4883
vn 0.8910 -0.1171 -0.4387
vn 0.9045 -0.2830 -0.3191
vn 0.8822 -0.4244 -0.2042
vn 0.8955 -0.0374 -0.4436
vn 0.9643 -0.1246 -0.2336
vn 0.9280 -0.3414 -0.1491
vn 0.4753 -0.4019 -0.7827
vn 0.6720 -0.5372 -0.5097
vn 0.6364 -0.4607 -0.6187
vn 0.6098 -0.3742 -0.6987
vn 0.5894 -0.2782 -0.7585
vn 0.5687 -0.1935 -0.7995
vn 0.5459 -0.1098 -0.8306
vn 0.6122 -0.5803 -0.5372
vn 0.7176 -0.0449 -0.6950
vn 0.5204 -0.0432 -0.8528
vn 0.6235 -0.0266 -0.7814
vn 0.9951 -0.0154 -0.0974
vn 0.9988 0.0278 0.0396
vn 0.9833 0.0303 0.1797
vn 0.9658 0.1739 0.1925
vn 0.9515 0.2161 0.2188
vn 0.9355 0.2272 0.2707
vn 0.9236 0.2166 0.3163
vn 0.4823 0.5796 0.6568
vn -0.0017 -0.9691 -0.2465
vn 0.0158 -0.4853 -0.8742
vn 0.0060 -0.9662 -0.2578
vn 0.0245 0.2505 -0.9678
vn 0.1416 -0.4776 -0.8671
vn 0.0298 -0.9616 -0.2727
vn 0.1798 0.2539 -0.9504
vn 0.1285 0.7067 -0.6958
vn 0.0197 0.7193 -0.6944
vn 0.2949 -0.4755 -0.8288
vn 0.0573 -0.9537 -0.2954
vn 0.3491 0.2433 -0.9050
vn 0.2582 0.6694 -0.6966
vn 0.4454 -0.4866 -0.7516
vn 0.1074 0.9838 -0.1433
vn 0.0507 0.9868 -0.1539
vn 0.0065 0.9877 -0.1561
vn 0.5279 0.2213 -0.8199
vn 0.4135 0.6246 -0.6625
vn 0.1712 0.9797 -0.1040
vn 0.1015 -0.9493 -0.2974
vn 0.6439 0.2196 -0.7329
vn 0.5130 0.6033 -0.6106
vn 0.5475 -0.4756 -0.6885
vn 0.1825 0.9796 -0.0846
vn 0.1603 -0.9470 -0.2786
vn 0.7522 0.2303 -0.6173
vn 0.6194 0.5790 -0.5302
vn 0.6438 -0.4679 -0.6055
vn 0.1812 0.9801 -0.0814
vn 0.1421 -0.9557 -0.2577
vn 0.8401 0.2558 -0.4782
vn 0.7090 0.5590 -0.4300
vn 0.7327 -0.4130 -0.5409
vn 0.1776 0.9788 -0.1025
vn 0.7540 0.5380 -0.3769
vn 0.9036 0.2818 -0.3226
vn 0.1764 0.9666 -0.1858
vn 0.1898 0.9359 -0.2967
vn 0.4287 0.3237 -0.8435
vn 0.0299 0.3144 -0.9488
vn 0.1662 0.3216 -0.9322
vn 0.2627 0.3220 -0.9096
vn 0.5217 0.3261 -0.7884
vn 0.8011 0.3804 -0.4621
vn 0.6119 0.3320 -0.7179
vn 0.6889 0.3382 -0.6411
vn 0.7560 0.3498 -0.5533
vn 0.9268 0.3102 -0.2115
vn 0.7419 0.4840 -0.4640
vn 0.9921 0.0360 0.1206
vn 0.8943 -0.2227 0.3882
vn 0.9411 0.2645 -0.2104
vn 0.9975 0.0439 0.0556
vn -0.9146 -0.3821 -0.1325
vn 0.7889 0.4157 -0.4526
vn 0.9461 0.2519 -0.2034
vn 0.3552 0.5087 -0.7842
vn -0.2453 -0.7980 0.5504
vn -0.2606 -0.8207 0.5084
vn 0.9335 -0.2088 0.2915
vn 0.9978 0.0576 0.0317
vn -0.3091 0.3357 -0.8898
vn 0.8170 0.3918 -0.4231
vn 0.7292 -0.4869 0.4808
vn 0.7899 -0.2341 -0.5668
vn 0.4147 0.4983 -0.7614
vn -0.2244 -0.8598 0.4588
vn 0.9547 -0.1673 0.2462
vn 0.8127 -0.2848 -0.5083
vn -0.1339 0.4048 -0.9045
vn -0.9140 -0.3780 -0.1477
vn 0.7858 -0.4357 0.4389
vn 0.8121 -0.2979 -0.5017
vn 0.8264 -0.2543 -0.5024
vn -0.9153 -0.3729 -0.1518
vn -0.1284 -0.8728 0.4708
vn 0.2617 -0.6136 -0.7450
vn 0.5136 -0.8513 -0.1075
vn 0.5845 -0.3925 0.7102
vn 0.8629 -0.0335 0.5043
vn 0.4443 0.1212 0.8876
vn 0.0328 0.1187 0.9924
vn 0.5698 0.3466 0.7451
vn 0.7019 -0.6076 -0.3716
vn 0.6746 0.5552 0.4865
vn 0.9228 0.3554 0.1486
vn 0.4993 0.8081 0.3125
vn 0.6859 0.6894 -0.2330
vn 0.8699 -0.4211 0.2567
vn 0.1909 0.9812 0.0266
vn 0.1973 0.8088 -0.5540
vn 0.7774 -0.2447 -0.5795
vn 0.1949 0.1022 -0.9755
vn 0.5126 -0.0835 -0.8546
vn 0.0670 -0.6033 -0.7947
vn 0.7189 0.5988 0.3530
vn 0.6956 0.1112 0.7098
vn -0.8705 0.3581 0.3377
vn -0.3639 -0.2618 0.8939
vn 0.4715 0.6997 0.5368
vn 0.4456 0.8665 -0.2251
vn 0.5062 -0.0065 0.8624
vn 0.6890 0.0556 0.7227
vn -0.6383 0.6765 -0.3672
vn -0.9645 -0.2590 -0.0507
vn -0.1992 -0.2982 0.9335
vn 0.9067 0.3837 0.1750
vn 0.1507 0.9375 -0.3136
vn 0.4199 0.8684 -0.2639
vn 0.4857 -0.0705 0.8713
vn 0.6799 -0.0324 0.7326
vn -0.9643 -0.2611 -0.0446
vn -0.0514 -0.3719 0.9268
vn 0.9067 0.3838 0.1751
vn 0.1060 0.9239 -0.3676
vn 0.3811 0.8553 -0.3510
vn 0.4813 -0.1600 0.8618
vn 0.6755 -0.1132 0.7286
vn -0.9640 -0.2621 -0.0450
vn 0.0472 -0.4431 0.8953
vn 0.9067 0.3838 0.1749
vn 0.0687 0.8855 -0.4596
vn 0.3502 0.8287 -0.4366
vn 0.4818 -0.2395 0.8429
vn -0.9641 -0.2614 -0.0472
vn 0.9069 0.3836 0.1745
vn 0.0397 0.8370 -0.5458
vn 0.4824 -0.2994 0.8232
vn 0.0187 0.7887 -0.6145
vn 0.9071 0.3832 0.1739
vn 0.5149 -0.8489 -0.1193
vn 0.5544 -0.8306 -0.0521
vn 0.5346 -0.8422 -0.0706
vn -0.2307 -0.7866 0.5728
vn 0.6148 -0.4954 0.6136
vn 0.7772 -0.2879 -0.5596
vn 0.8019 -0.2623 -0.5368
vn 0.7886 -0.2680 -0.5535
vn -0.1670 -0.9793 0.1140
vn 0.0546 -0.6422 -0.7646
vn 0.1037 -0.6326 -0.7675
vn 0.0761 -0.6186 -0.7820
vn 0.1096 -0.4970 0.8608
vn 0.3327 0.7955 -0.5064
vn 0.6762 -0.1724 0.7162
vn 0.1515 0.6241 0.7665
vn 0.1562 0.6384 0.7537
vn 0.1146 0.6657 0.7374
vn 0.1527 0.6265 0.7643
vn 0.8264 -0.2542 -0.5024
vn 0.2623 -0.6130 -0.7453
vn 0.1248 0.8430 -0.5232
vn 0.0317 0.7916 -0.6102
vn 0.0040 0.7904 -0.6126
vn -0.1216 0.7466 -0.6541
vn 0.8174 0.5536 -0.1593
vn 0.9327 0.3366 -0.1292
vn 0.0657 -0.5996 -0.7976
vn 0.7525 0.4759 -0.4552
vn 0.9311 0.3057 -0.1992
vn 0.9926 0.0480 0.1119
vn 0.9034 -0.2147 0.3712
vn 0.6502 -0.4867 0.5835
vn -0.3506 0.3692 -0.8607
vn 0.2948 0.5636 -0.7717
vn 0.7630 0.4597 -0.4544
vn 0.9340 0.2951 -0.2015
vn 0.9941 0.0468 0.0979
vn 0.9118 -0.2140 0.3506
vn 0.6750 -0.4880 0.5533
vn -0.3556 0.3453 -0.8685
vn 0.3185 0.5419 -0.7777
vn 0.7720 0.4436 -0.4552
vn 0.9366 0.2838 -0.2054
vn 0.9956 0.0445 0.0831
vn 0.9194 -0.2142 0.3297
vn 0.3384 0.5229 -0.7824
vn -0.3406 0.3329 -0.8793
vn -0.9141 -0.3781 -0.1466
vn -0.2481 -0.8458 0.4722
vn 0.7115 -0.4907 0.5031
vn 0.9266 -0.2131 0.3098
vn 0.9967 0.0431 0.0685
vn 0.9390 0.2732 -0.2088
vn 0.7805 0.4285 -0.4552
vn 0.3739 0.5008 -0.7807
vn -0.2491 0.3571 -0.9002
vn -0.9144 -0.3768 -0.1482
vn -0.1877 -0.8693 0.4572
vn 0.7489 -0.4747 0.4624
vn 0.9411 -0.1982 0.2741
vn 0.9979 0.0476 0.0449
vn 0.9431 0.2583 -0.2093
vn 0.7984 0.4052 -0.4453
vn 0.6935 -0.4904 0.5278
vn -0.2610 -0.8311 0.4910
vn -0.9147 -0.3778 -0.1436
vn -0.3671 0.3688 -0.8539
vn 0.2945 0.5698 -0.7672
vn 0.2863 0.6057 -0.7424
vn 0.1950 -0.9472 -0.2543
vn 0.1970 -0.9604 -0.1968
vn 0.2111 -0.9585 -0.1914
vn -0.9104 -0.3887 -0.1416
vn -0.9122 -0.3841 -0.1430
vn 0.9653 0.1516 0.2125
vn 0.9902 0.0427 0.1326
vn 0.5722 -0.4524 0.6840
vn 0.5743 -0.3753 0.7275
vn 0.5789 -0.3862 0.7181
vn 0.5763 -0.4211 0.7004
vn 0.5731 -0.4617 0.6770
vn 0.4158 -0.5036 -0.7573
vn 0.3797 -0.4155 -0.8265
vn 0.3476 -0.3205 -0.8812
vn 0.3170 -0.2293 -0.9203
vn 0.2894 -0.1406 -0.9468
vn 0.2699 -0.0704 -0.9603
vn 0.0984 0.3171 -0.9433
vn 0.0277 0.9874 -0.1556
vn 0.0750 0.7157 -0.6944
vn 0.1002 0.2531 -0.9622
vn 0.0736 -0.4823 -0.8729
vn -0.0002 -0.9680 -0.2509
vn 0.2089 0.3228 -0.9231
vn 0.0750 0.9857 -0.1511
vn 0.1895 0.6906 -0.6980
vn 0.2654 0.2510 -0.9309
vn 0.2191 -0.4742 -0.8527
vn 0.0164 -0.9640 -0.2653
vn 0.2037 -0.0719 -0.9764
vn 0.3319 -0.0710 -0.9406
vn 0.2033 -0.1509 0.9674
vn 0.9979 0.0361 0.0546
vn 0.3395 0.3221 -0.8837
vn 0.1414 0.9816 -0.1287
vn 0.3307 0.6467 -0.6874
vn 0.4264 0.2306 -0.8747
vn 0.3593 -0.4842 -0.7978
vn 0.0481 -0.9599 -0.2762
vn 0.9401 0.2364 -0.2456
vn -0.3505 -0.2971 -0.8882
vn 0.1080 -0.8952 -0.4325
vn -0.3160 -0.3540 -0.8803
vn 0.9494 0.2071 -0.2360
vn -0.2936 -0.4431 -0.8470
vn 0.9566 0.1846 -0.2254
vn -0.2832 -0.5286 -0.8003
vn 0.9636 0.1599 -0.2143
vn 0.9700 0.1380 -0.2001
vn -0.2784 -0.6225 -0.7314
vn -0.2600 -0.7111 -0.6532
vn 0.9756 0.1068 -0.1918
vn -0.2052 -0.8046 -0.5572
vn 0.9777 0.1105 -0.1787
vn 0.5618 -0.1293 0.8171
vn 0.6423 0.3541 0.6797
vn 0.9811 0.0356 0.1901
vn 0.8510 0.1976 0.4865
vn 0.7036 0.2965 0.6458
vn 0.9369 0.0856 0.3391
vn 0.9652 0.0529 0.2560
vn 0.9015 0.1277 0.4135
vn 0.8103 0.2291 0.5394
vn 0.6666 0.3249 0.6709
vn 0.9891 0.0308 0.1443
vn 0.9942 -0.0137 0.1068
vn -0.6250 -0.7457 0.2308
vn -0.4335 -0.6421 0.6322
vn -0.5486 -0.7454 0.3788
vn -0.5849 -0.7502 0.3085
vn -0.5147 -0.7210 0.4639
vn -0.4028 -0.5849 0.7040
vn -0.7396 -0.6682 0.0812
vn -0.6590 -0.7331 0.1683
vn -0.8238 -0.5659 -0.0350
vn 0.9935 0.0788 0.0817
vn 0.9922 -0.0580 0.1106
vn -0.7182 -0.6867 0.1122
vn 0.8705 0.1688 0.4622
vn -0.4759 -0.6893 0.5463
vn -0.7866 -0.6173 0.0117
vn 0.4416 0.5703 -0.6926
vn 0.5340 0.5999 -0.5959
vn 0.5770 0.6266 -0.5239
vn 0.6069 0.6721 -0.4243
vn 0.6386 0.7023 -0.3146
vn 0.6734 0.7047 -0.2233
vn 0.6985 0.7007 -0.1450
vn 0.6981 0.7132 -0.0634
vn 0.9896 0.0345 0.1399
vn 0.1141 0.2193 -0.9690
vn 0.0214 0.4310 -0.9021
vn 0.0200 0.3567 -0.9340
vn 0.0456 0.2772 -0.9597
vn 0.0909 0.2019 -0.9752
vn 0.0072 0.3052 -0.9523
vn -0.0114 0.3850 -0.9228
vn 0.0055 0.4517 -0.8922
vn 0.5857 0.8073 -0.0721
vn 0.5155 0.8553 -0.0523
vn 0.5027 0.8591 -0.0960
vn 0.5495 0.8341 0.0475
vn 0.6299 0.7764 -0.0206
vn -0.4022 -0.5329 0.7445
vn 0.7585 0.2590 0.5980
vn 0.5322 0.8419 -0.0895
vn -0.6966 0.3089 0.6475
vn -0.2174 -0.5475 0.8081
vn -0.2482 -0.5367 0.8065
vn -0.2584 -0.5218 0.8129
vn 0.7721 0.2616 0.5792
vn 0.7437 0.2757 0.6090
vn 0.0590 -0.1301 -0.9897
vn -0.0240 -0.1425 -0.9895
vn -0.0162 -0.1530 -0.9881
vn -0.7595 -0.4441 -0.4753
vn -0.7589 -0.4457 -0.4748
vn 0.7669 0.2763 -0.5793
vn 0.7236 0.2575 -0.6404
vn -0.0759 0.4141 -0.9071
vn 0.7473 0.2222 -0.6262
vn 0.7158 0.2674 -0.6451
vn 0.7485 0.2316 -0.6213
vn -0.0156 -0.1422 -0.9897
vn -0.7526 -0.4485 -0.4821
vn -0.7520 -0.4349 -0.4953
vn 0.7672 0.2458 -0.5924
vn -0.7517 -0.4356 -0.4953
vn 0.9919 0.0375 0.1215
vn -0.7736 -0.6323 0.0407
vn -0.6696 -0.7190 0.1861
vn -0.6584 -0.7236 0.2071
vn -0.2327 -0.5454 0.8052
vn 0.6906 0.3082 0.6543
vn 0.5069 0.8580 -0.0828
vn -0.2560 -0.5274 0.8102
vn 0.6483 0.3402 0.6811
vn 0.5311 0.8473 -0.0055
vn -0.2598 -0.5198 0.8138
vn 0.6445 0.3729 0.6675
vn 0.5637 0.8203 0.0966
vn 0.4216 -0.1049 0.9007
vn 0.0241 -0.0792 0.9966
vn 0.1260 -0.1941 0.9729
vn 0.2395 -0.1956 0.9510
vn 0.5166 0.0154 0.8561
vn 0.4856 0.0221 0.8739
vn 0.4257 0.0301 0.9044
vn 0.3604 0.0289 0.9324
vn 0.2735 0.0140 0.9618
vn 0.2150 -0.0143 0.9765
vn 0.5471 0.0015 0.8371
vn 0.7256 0.2479 0.6419
vn 0.6764 0.3101 0.6680
vn 0.6276 0.3418 0.6995
vn 0.9843 -0.1216 -0.1283
vn 0.0161 -0.6936 0.7201
vn 0.0534 -0.6878 0.7240
vn 0.0762 -0.6830 0.7264
vn -0.2735 -0.0140 -0.9618
vn -0.4257 -0.0301 -0.9044
vn -0.5166 -0.0154 -0.8561
vn 0.3583 -0.2598 -0.8968
vn 0.7245 0.6752 -0.1382
vn 0.7560 0.6521 0.0569
vn 0.7477 0.6552 0.1082
vn -0.1771 -0.9581 -0.2250
vn -0.4211 -0.8953 -0.1452
vn -0.5346 -0.8367 -0.1192
vn 0.6091 -0.7537 -0.2467
vn 0.5892 -0.7561 -0.2851
vn 0.7110 0.2804 0.6449
vn 0.7535 0.6570 -0.0242
vn -0.4856 -0.0221 -0.8739
vn -0.4920 -0.8621 -0.1214
vn 0.0658 -0.6840 0.7265
vn 0.6447 0.3302 0.6895
vn 0.7508 0.6535 0.0957
vn -0.3604 -0.0289 -0.9324
vn -0.3262 -0.9273 -0.1834
vn 0.0352 -0.6915 0.7215
vn 0.6213 0.3488 0.7016
vn 0.7459 0.6571 0.1087
vn -0.2150 0.0143 -0.9765
vn -0.0302 -0.9693 -0.2442
vn 0.0073 -0.6950 0.7189
vn 0.9228 0.3550 0.1495
vn 0.9772 -0.2099 0.0309
vn 0.7782 -0.2185 0.5888
vn 0.9109 -0.2399 -0.3357
vn -0.1201 -0.9193 -0.3748
vn 0.8264 -0.5453 -0.1403
vn 0.9224 0.3574 0.1465
vn 0.2166 -0.1645 0.9623
vn 0.5860 -0.7708 0.2499
vn -0.0165 -0.9470 -0.3207
vn 0.9422 -0.3058 -0.1371
vn 0.0065 -0.1995 0.9799
vn 0.8938 0.4259 0.1405
vn 0.9281 -0.1921 -0.3188
vn 0.8666 -0.4118 -0.2820
vn -0.0001 -0.9492 -0.3146
vn 0.2851 -0.9379 -0.1975
vn 0.3392 -0.9272 -0.1590
vn 0.2523 -0.9401 -0.2292
vn 0.2960 -0.9386 -0.1771
vn 0.8895 -0.3309 -0.3151
vn 0.7019 -0.6872 -0.1873
vn 0.0875 -0.9333 -0.3482
vn 0.0951 -0.9032 -0.4186
vn 0.8759 -0.2366 0.4205
vn 0.9340 -0.2581 0.2470
vn 0.9102 -0.3040 -0.2812
vn 0.9236 -0.1689 -0.3443
vn 0.8638 -0.2804 0.4187
vn 0.6233 -0.5254 0.5791
vn 0.3149 -0.9139 -0.2562
vn -0.2082 -0.9149 -0.3459
vn 0.8799 -0.3139 -0.3567
vn 0.2335 0.1541 0.9601
vn 0.0973 -0.1851 0.9779
vn 0.9367 -0.2378 0.2570
vn 0.3591 0.3002 0.8837
vn 0.0087 -0.2002 0.9797
vn 0.2128 -0.9360 -0.2805
vn 0.9500 0.3072 0.0564
vn 0.6092 -0.3781 0.6971
vn 0.1261 -0.9461 -0.2983
vn 0.0627 -0.9410 -0.3325
vn 0.0548 -0.8154 -0.5763
vn -0.0225 -0.7834 -0.6211
vn 0.4385 -0.1677 0.8829
vn 0.6686 -0.1549 0.7273
vn 0.7697 -0.2382 0.5923
vn 0.8915 -0.1826 0.4145
vn 0.9343 0.3541 0.0401
vn 0.3196 -0.9242 -0.2090
vn 0.3719 -0.9089 -0.1884
vn 0.5298 -0.2538 0.8092
vn 0.0769 -0.9466 -0.3131
vn 0.0299 -0.9445 -0.3271
vn -0.1183 -0.8936 -0.4331
vn 0.0967 -0.8894 -0.4467
vn 0.9728 -0.2087 0.1003
vn 0.5891 0.0491 0.8066
vn 0.9118 -0.2636 0.3149
vn 0.9689 -0.1857 -0.1637
vn 0.0336 -0.2894 0.9566
vn 0.4107 -0.1609 0.8975
vn 0.3559 -0.1621 0.9204
vn 0.7616 -0.6474 0.0282
vn 0.1881 -0.9347 -0.3015
vn 0.1743 -0.9363 -0.3048
vn 0.0356 -0.9156 -0.4005
vn -0.0898 -0.8508 -0.5177
vn 0.9865 -0.0501 -0.1556
vn 0.2896 -0.1747 0.9411
vn 0.2289 -0.2000 0.9527
vn 0.9717 -0.2143 -0.0996
vn 0.3889 0.4344 0.8124
vn 0.1925 -0.9396 -0.2831
vn 0.7624 -0.6456 0.0438
vn 0.7287 -0.6586 0.1876
vt 0.985406 0.010217
vt 0.982542 0.004129
vt 0.993500 0.010893
vt 0.993787 0.017962
vt 0.993616 0.014648
vt 0.993541 0.011666
vt 0.986008 0.010356
vt 0.984640 0.010104
vt 0.993826 0.014979
vt 0.993925 0.014076
vt 0.994050 0.013229
vt 0.980977 0.010282
vt 0.981680 0.010188
vt 0.982394 0.010104
vt 0.983121 0.010056
vt 0.983876 0.010045
vt 0.993773 0.015923
vt 0.993752 0.016914
vt 0.993576 0.012374
vt 0.993609 0.013093
vt 0.993624 0.013847
vt 0.993582 0.015476
vt 0.993541 0.016323
vt 0.993924 0.019841
vt 0.993852 0.018925
vt 0.982508 0.009347
vt 0.997795 0.007874
vt 0.988379 0.003252
vt 0.981757 0.003593
vt 0.987007 0.002675
vt 0.988027 0.003107
vt 0.985913 0.002789
vt 0.983272 0.009466
vt 0.997204 0.008525
vt 0.983786 0.009344
vt 0.995468 0.001757
vt 0.986480 0.010473
vt 0.980877 0.016273
vt 0.984365 0.004233
vt 0.980920 0.016823
vt 0.990534 0.007822
vt 0.993685 0.003577
vt 0.990715 0.007567
vt 0.996635 0.018680
vt 0.994949 0.010153
vt 0.998834 0.019594
vt 0.990867 0.015907
vt 0.996613 0.019490
vt 0.990279 0.002813
vt 0.997547 0.014408
vt 0.985495 0.015906
vt 0.988671 0.003738
vt 0.984058 0.009588
vt 0.996908 0.017881
vt 0.990004 0.002175
vt 0.997517 0.010082
vt 0.990772 0.002947
vt 0.997875 0.014857
vt 0.991238 0.002967
vt 0.998260 0.015174
vt 0.998645 0.015422
vt 0.991672 0.002940
vt 0.990793 0.002215
vt 0.991222 0.002258
vt 0.991645 0.002202
vt 0.984516 0.009119
vt 0.990367 0.002110
vt 0.996741 0.017861
vt 0.988593 0.016321
vt 0.989935 0.002351
vt 0.997679 0.019620
vt 0.993768 0.010280
vt 0.989063 0.008899
vt 0.991715 0.000374
vt 0.987514 0.012482
vt 0.997125 0.017817
vt 0.988424 0.007149
vt 0.997087 0.016432
vt 0.988308 0.005786
vt 0.998018 0.019577
vt 0.994099 0.010179
vt 0.995415 0.010212
vt 0.999288 0.019628
vt 0.998204 0.006264
vt 0.984856 0.001649
vt 0.997273 0.018484
vt 0.988608 0.007794
vt 0.997478 0.019127
vt 0.988847 0.008415
vt 0.997059 0.017129
vt 0.988323 0.006476
vt 0.997599 0.016432
vt 0.998056 0.016441
vt 0.997201 0.015768
vt 0.988386 0.005117
vt 0.997358 0.015071
vt 0.988515 0.004413
vt 0.997634 0.015764
vt 0.997584 0.017065
vt 0.997616 0.017694
vt 0.997701 0.018311
vt 0.997849 0.018965
vt 0.998118 0.015847
vt 0.998043 0.017038
vt 0.998062 0.017619
vt 0.998130 0.018204
vt 0.998278 0.018883
vt 0.998428 0.019572
vt 0.994519 0.010135
vt 0.998577 0.015920
vt 0.998538 0.016457
vt 0.998528 0.016995
vt 0.998537 0.017564
vt 0.998595 0.018119
vt 0.998717 0.018837
vt 0.985383 0.010824
vt 0.994526 0.017917
vt 0.995262 0.017884
vt 0.982068 0.005410
vt 0.992268 0.011059
vt 0.986049 0.011607
vt 0.994926 0.000690
vt 0.985503 0.011486
vt 0.985975 0.010928
vt 0.991253 0.014522
vt 0.991452 0.011247
vt 0.989761 0.007272
vt 0.981885 0.006331
vt 0.985690 0.012145
vt 0.994726 0.000057
vt 0.995996 0.017865
vt 0.985057 0.012675
vt 0.982163 0.015652
vt 0.984641 0.010772
vt 0.984760 0.011443
vt 0.984930 0.012157
vt 0.986333 0.011033
vt 0.995170 0.001283
vt 0.997015 0.015239
vt 0.986680 0.015155
vt 0.994621 0.015065
vt 0.995416 0.015144
vt 0.996212 0.015208
vt 0.997109 0.014404
vt 0.985987 0.014963
vt 0.994715 0.014200
vt 0.995508 0.014295
vt 0.996302 0.014368
vt 0.997207 0.013589
vt 0.981896 0.013872
vt 0.985292 0.014855
vt 0.981094 0.011197
vt 0.994826 0.013365
vt 0.981292 0.012123
vt 0.995615 0.013464
vt 0.996407 0.013544
vt 0.981571 0.013015
vt 0.982538 0.013637
vt 0.984618 0.014836
vt 0.981791 0.011066
vt 0.981974 0.011938
vt 0.982233 0.012789
vt 0.983186 0.013405
vt 0.983948 0.014918
vt 0.982489 0.010944
vt 0.982659 0.011771
vt 0.982899 0.012581
vt 0.983834 0.013158
vt 0.983310 0.015096
vt 0.983188 0.010845
vt 0.983345 0.011621
vt 0.983569 0.012389
vt 0.984448 0.012908
vt 0.982721 0.015344
vt 0.983907 0.010773
vt 0.984041 0.011494
vt 0.984238 0.012227
vt 0.996916 0.016104
vt 0.987355 0.015441
vt 0.994560 0.015969
vt 0.995345 0.016024
vt 0.996132 0.016080
vt 0.996813 0.016998
vt 0.988016 0.015835
vt 0.994521 0.016916
vt 0.995287 0.016935
vt 0.996055 0.016965
vt 0.990236 0.015739
vt 0.997256 0.019364
vt 0.989688 0.002736
vt 0.992574 0.007554
vt 0.996199 0.010002
vt 0.993093 0.011700
vt 0.992643 0.011746
vt 0.992605 0.012442
vt 0.993090 0.012406
vt 0.992555 0.013135
vt 0.993081 0.013115
vt 0.992492 0.013846
vt 0.993057 0.013849
vt 0.992414 0.014589
vt 0.993014 0.014623
vt 0.991089 0.015192
vt 0.991696 0.015290
vt 0.992315 0.015370
vt 0.992946 0.015431
vt 0.991517 0.016067
vt 0.995955 0.019588
vt 0.992184 0.016189
vt 0.995289 0.019683
vt 0.992862 0.016270
vt 0.994604 0.019770
vt 0.995950 0.018713
vt 0.995261 0.018775
vt 0.994559 0.018854
vt 0.997083 0.018643
vt 0.996840 0.010071
vt 0.994433 0.012417
vt 0.994923 0.012558
vt 0.995430 0.012669
vt 0.995949 0.012738
vt 0.996473 0.012769
vt 0.996992 0.012781
vt 0.994354 0.011860
vt 0.994809 0.011963
vt 0.995268 0.012049
vt 0.995761 0.012103
vt 0.996256 0.012131
vt 0.996759 0.012152
vt 0.994282 0.011308
vt 0.994703 0.011372
vt 0.995126 0.011434
vt 0.995598 0.011493
vt 0.996078 0.011529
vt 0.996546 0.011535
vt 0.996872 0.011568
vt 0.982091 0.008740
vt 0.996357 0.010841
vt 0.995951 0.010848
vt 0.995475 0.010831
vt 0.995023 0.010785
vt 0.994615 0.010762
vt 0.994211 0.010767
vt 0.991395 0.013853
vt 0.991528 0.013179
vt 0.991652 0.012528
vt 0.991759 0.011877
vt 0.990484 0.015097
vt 0.989478 0.003396
vt 0.990678 0.014477
vt 0.989346 0.004034
vt 0.990852 0.013846
vt 0.989296 0.004680
vt 0.991014 0.013205
vt 0.989317 0.005329
vt 0.991168 0.012580
vt 0.989400 0.005965
vt 0.991304 0.011961
vt 0.989545 0.006582
vt 0.995895 0.010370
vt 0.998685 0.006407
vt 0.996278 0.010499
vt 0.982584 0.009864
vt 0.999071 0.006522
vt 0.996473 0.010831
vt 0.982399 0.009524
vt 0.997208 0.012196
vt 0.981952 0.008035
vt 0.997532 0.012786
vt 0.981872 0.007349
vt 0.985421 0.001954
vt 0.999222 0.018906
vt 0.999187 0.018112
vt 0.986082 0.002156
vt 0.990228 0.001557
vt 0.990083 0.001395
vt 0.998988 0.018080
vt 0.998813 0.017525
vt 0.993969 0.003617
vt 0.998847 0.016982
vt 0.994425 0.003521
vt 0.998887 0.016413
vt 0.994903 0.003410
vt 0.998923 0.015956
vt 0.995287 0.003310
vt 0.998961 0.015516
vt 0.991981 0.002823
vt 0.989841 0.008242
vt 0.995657 0.003211
vt 0.989892 0.001137
vt 0.998793 0.017828
vt 0.993716 0.003665
vt 0.993089 0.010929
vt 0.982351 0.004543
vt 0.982472 0.008985
vt 0.997587 0.007603
vt 0.988224 0.003784
vt 0.981521 0.004083
vt 0.982417 0.008272
vt 0.997227 0.007022
vt 0.987051 0.003250
vt 0.987869 0.003655
vt 0.987985 0.004881
vt 0.981147 0.005126
vt 0.982369 0.007524
vt 0.996905 0.006373
vt 0.983196 0.008992
vt 0.985949 0.003269
vt 0.983098 0.008033
vt 0.986012 0.004232
vt 0.987126 0.004412
vt 0.987636 0.004787
vt 0.987864 0.006008
vt 0.980951 0.006238
vt 0.996469 0.007469
vt 0.983612 0.007999
vt 0.996942 0.008189
vt 0.983714 0.008898
vt 0.987177 0.005605
vt 0.987527 0.005974
vt 0.996636 0.005590
vt 0.982321 0.006681
vt 0.983068 0.006996
vt 0.986070 0.005268
vt 0.996050 0.006653
vt 0.983561 0.007050
vt 0.986111 0.006485
vt 0.983146 0.005782
vt 0.987194 0.007000
vt 0.987546 0.007369
vt 0.980949 0.007572
vt 0.987870 0.007343
vt 0.996544 0.005130
vt 0.982314 0.006209
vt 0.983601 0.005948
vt 0.995707 0.005626
vt 0.986098 0.007110
vt 0.983264 0.005173
vt 0.983697 0.005343
vt 0.995617 0.005020
vt 0.987178 0.007718
vt 0.987630 0.008080
vt 0.981056 0.008242
vt 0.987940 0.008019
vt 0.996506 0.004664
vt 0.982337 0.005742
vt 0.986040 0.007800
vt 0.983475 0.004524
vt 0.983870 0.004749
vt 0.995632 0.004393
vt 0.987142 0.008490
vt 0.987779 0.008833
vt 0.988087 0.008865
vt 0.981294 0.009059
vt 0.996524 0.004239
vt 0.982395 0.005321
vt 0.996607 0.003831
vt 0.982512 0.004925
vt 0.983771 0.003931
vt 0.985923 0.008473
vt 0.984116 0.004200
vt 0.995750 0.003789
vt 0.988009 0.009639
vt 0.987096 0.009338
vt 0.997901 0.013109
vt 0.982299 0.001001
vt 0.981514 0.009602
vt 0.988232 0.009441
vt 0.998182 0.013105
vt 0.995860 0.003423
vt 0.984300 0.003877
vt 0.984024 0.003554
vt 0.985798 0.008929
vt 0.996130 0.003112
vt 0.993324 0.004385
vt 0.994742 0.009578
vt 0.984613 0.003628
vt 0.999195 0.010034
vt 0.997965 0.005410
vt 0.999821 0.010293
vt 0.998105 0.004653
vt 0.981084 0.001736
vt 0.998703 0.010188
vt 0.992068 0.001561
vt 0.997907 0.006001
vt 0.991934 0.001986
vt 0.998220 0.010329
vt 0.991512 0.001676
vt 0.999300 0.013140
vt 0.998516 0.004347
vt 0.985819 0.009839
vt 0.980963 0.001186
vt 0.997737 0.010466
vt 0.991090 0.001175
vt 0.985968 0.001326
vt 0.991021 0.001590
vt 0.999592 0.013087
vt 0.999020 0.013251
vt 0.999559 0.014412
vt 0.983478 0.001133
vt 0.998505 0.014297
vt 0.983472 0.001585
vt 0.999958 0.013085
vt 0.985045 0.002381
vt 0.985151 0.000461
vt 0.999730 0.014383
vt 0.986040 0.002401
vt 0.986146 0.000463
vt 0.990341 0.001344
vt 0.983352 0.000511
vt 0.983248 0.002276
vt 0.998757 0.013398
vt 0.983277 0.000980
vt 0.999397 0.014479
vt 0.999816 0.015670
vt 0.999815 0.001804
vt 0.998863 0.014059
vt 0.999940 0.004724
vt 0.984590 0.001544
vt 0.999940 0.014391
vt 0.999858 0.015663
vt 0.999854 0.001821
vt 0.984609 0.001286
vt 0.999104 0.015424
vt 0.983526 0.001739
vt 0.998671 0.004811
vt 0.982165 0.000864
vt 0.999246 0.014571
vt 0.999776 0.015688
vt 0.999773 0.001804
vt 0.999795 0.001904
vt 0.999343 0.015256
vt 0.999915 0.003403
vt 0.999904 0.015676
vt 0.985693 0.001506
vt 0.999886 0.001861
vt 0.982079 0.002157
vt 0.982180 0.000591
vt 0.999820 0.016431
vt 0.999878 0.002103
vt 0.985725 0.001450
vt 0.999700 0.016536
vt 0.999895 0.001929
vt 0.999202 0.003352
vt 0.982167 0.001804
vt 0.999743 0.015717
vt 0.981067 0.000755
vt 0.999735 0.001822
vt 0.981037 0.000690
vt 0.980938 0.002022
vt 0.999696 0.001880
vt 0.980947 0.001835
vt 0.999719 0.002065
vt 0.991480 0.000756
vt 0.993682 0.005553
vt 0.990902 0.009658
vt 0.995336 0.005053
vt 0.991127 0.009767
vt 0.995333 0.005337
vt 0.991049 0.009089
vt 0.985967 0.006797
vt 0.996597 0.000235
vt 0.990300 0.008096
vt 0.991428 0.001097
vt 0.991347 0.001458
vt 0.997966 0.001525
vt 0.993217 0.018000
vt 0.991270 0.009198
vt 0.993702 0.005828
vt 0.991711 0.000819
vt 0.995785 0.000148
vt 0.993505 0.016528
vt 0.992531 0.008916
vt 0.992746 0.009435
vt 0.995837 0.007159
vt 0.992679 0.001735
vt 0.994032 0.007229
vt 0.997954 0.001918
vt 0.996497 0.001423
vt 0.991086 0.008862
vt 0.991656 0.001167
vt 0.991575 0.001527
vt 0.995527 0.000366
vt 0.997740 0.003374
vt 0.992604 0.008543
vt 0.992933 0.009243
vt 0.995984 0.007394
vt 0.992414 0.001892
vt 0.997860 0.005483
vt 0.992820 0.002282
vt 0.993701 0.007650
vt 0.992719 0.008733
vt 0.993920 0.008271
vt 0.993199 0.002772
vt 0.993087 0.002523
vt 0.993805 0.008025
vt 0.992555 0.002439
vt 0.997593 0.005004
vt 0.992818 0.002676
vt 0.997563 0.004618
vt 0.993032 0.004107
vt 0.998557 0.003769
vt 0.984366 0.003296
vt 0.985580 0.009329
vt 0.992933 0.002922
vt 0.997675 0.004370
vt 0.999868 0.000194
vt 0.985141 0.003090
vt 0.999980 0.000553
vt 0.984870 0.002878
vt 0.998431 0.001326
vt 0.996084 0.002518
vt 0.999152 0.000085
vt 0.985341 0.003897
vt 0.984904 0.003388
vt 0.981461 0.017313
vt 0.998543 0.001577
vt 0.995888 0.002350
vt 0.997998 0.001293
vt 0.996510 0.002420
vt 0.996171 0.002307
vt 0.991684 0.016679
vt 0.998467 0.000034
vt 0.985519 0.004670
vt 0.985053 0.004156
vt 0.982011 0.017770
vt 0.991771 0.016456
vt 0.996002 0.002160
vt 0.998379 0.002021
vt 0.995785 0.001883
vt 0.996563 0.002177
vt 0.991971 0.017017
vt 0.997589 0.001284
vt 0.996908 0.002312
vt 0.997812 0.000056
vt 0.985678 0.005410
vt 0.985173 0.004884
vt 0.982494 0.018253
vt 0.992162 0.016419
vt 0.995935 0.001711
vt 0.998219 0.002423
vt 0.995696 0.001451
vt 0.996933 0.002037
vt 0.992261 0.017319
vt 0.997205 0.001308
vt 0.997278 0.002189
vt 0.985834 0.006153
vt 0.997159 0.000134
vt 0.985271 0.005569
vt 0.982892 0.018770
vt 0.992527 0.016401
vt 0.995879 0.001291
vt 0.998056 0.002781
vt 0.995626 0.001054
vt 0.997284 0.001880
vt 0.992565 0.017577
vt 0.997644 0.002048
vt 0.996822 0.001361
vt 0.992868 0.016417
vt 0.995838 0.000895
vt 0.995566 0.000654
vt 0.997878 0.003130
vt 0.995807 0.000498
vt 0.993209 0.016464
vt 0.997630 0.001706
vt 0.992888 0.017803
vt 0.999881 0.010938
vt 0.981639 0.001682
vt 0.999326 0.010967
vt 0.998878 0.011054
vt 0.998452 0.011218
vt 0.998045 0.011421
vt 0.985099 0.001203
vt 0.998386 0.012822
vt 0.981755 0.009363
vt 0.999924 0.006079
vt 0.999926 0.011719
vt 0.982307 0.001641
vt 0.999430 0.011739
vt 0.999032 0.011814
vt 0.998651 0.011961
vt 0.998289 0.012146
vt 0.984436 0.001116
vt 0.984370 0.002354
vt 0.984476 0.000468
vt 0.998619 0.013439
vt 0.999939 0.005405
vt 0.982896 0.001063
vt 0.998205 0.013712
vt 0.982897 0.001610
vt 0.999949 0.012411
vt 0.999514 0.012422
vt 0.999166 0.012486
vt 0.998834 0.012616
vt 0.998519 0.012784
vt 0.983849 0.001045
vt 0.984035 0.001564
vt 0.999953 0.013744
vt 0.984048 0.001208
vt 0.998805 0.014866
vt 0.999105 0.014663
vt 0.999930 0.004057
vt 0.998933 0.004065
vt 0.982835 0.001777
vt 0.982662 0.002220
vt 0.982765 0.000547
vt 0.982717 0.000921
vt 0.998999 0.013992
vt 0.999208 0.013871
vt 0.999430 0.013781
vt 0.999663 0.013740
vt 0.999793 0.015015
vt 0.999686 0.015033
vt 0.999584 0.015076
vt 0.981623 0.000810
vt 0.999491 0.015137
vt 0.981516 0.002091
vt 0.981616 0.000639
vt 0.999455 0.002715
vt 0.981564 0.001821
vt 0.999578 0.015836
vt 0.999898 0.002761
vt 0.985160 0.001366
vt 0.999399 0.015973
vt 0.985134 0.001525
vt 0.999923 0.015026
vt 0.983925 0.000485
vt 0.983820 0.002321
vt 0.984213 0.001694
vt 0.998426 0.005560
vt 0.986428 0.009602
vt 0.981603 0.001135
vt 0.993967 0.012248
vt 0.987519 0.010564
vt 0.993834 0.011722
vt 0.987619 0.011082
vt 0.993783 0.011263
vt 0.987630 0.011518
vt 0.993770 0.010829
vt 0.987589 0.011941
vt 0.991831 0.014555
vt 0.991943 0.013846
vt 0.992043 0.013156
vt 0.992132 0.012483
vt 0.992206 0.011805
vt 0.982442 0.008623
vt 0.997396 0.007315
vt 0.996698 0.007835
vt 0.983657 0.008449
vt 0.983139 0.008516
vt 0.985981 0.003749
vt 0.987091 0.003828
vt 0.987738 0.004214
vt 0.988092 0.004326
vt 0.981315 0.004593
vt 0.982196 0.004969
vt 0.992678 0.010985
vt 0.982394 0.007915
vt 0.997067 0.006717
vt 0.996253 0.007081
vt 0.983579 0.007539
vt 0.983073 0.007531
vt 0.986041 0.004734
vt 0.987155 0.005009
vt 0.987565 0.005380
vt 0.987909 0.005440
vt 0.981025 0.005675
vt 0.981967 0.005860
vt 0.991862 0.011145
vt 0.985757 0.012395
vt 0.981542 0.016077
vt 0.990901 0.003488
vt 0.994507 0.000000
vt 0.982345 0.007134
vt 0.996765 0.006018
vt 0.995864 0.006175
vt 0.983564 0.006526
vt 0.983086 0.006412
vt 0.986096 0.005852
vt 0.987194 0.006275
vt 0.987514 0.006645
vt 0.987847 0.006655
vt 0.980919 0.006885
vt 0.997865 0.013386
vt 0.988970 0.003530
vt 0.981861 0.006635
vt 0.997251 0.013419
vt 0.988878 0.004235
vt 0.996703 0.013428
vt 0.988825 0.004862
vt 0.996141 0.013397
vt 0.988800 0.005495
vt 0.995572 0.013318
vt 0.988806 0.006131
vt 0.995023 0.013175
vt 0.988844 0.006764
vt 0.994502 0.012978
vt 0.988913 0.007389
vt 0.994142 0.012787
vt 0.988976 0.007840
vt 0.987362 0.010018
vt 0.992811 0.007653
vt 0.989884 0.007051
vt 0.989157 0.003583
vt 0.982032 0.006530
vt 0.989076 0.004199
vt 0.989705 0.006464
vt 0.989022 0.004812
vt 0.989571 0.005868
vt 0.988995 0.005431
vt 0.989496 0.005254
vt 0.989483 0.004629
vt 0.988996 0.006056
vt 0.989027 0.006679
vt 0.989537 0.004009
vt 0.989087 0.007297
vt 0.989657 0.003402
vt 0.989150 0.007733
vt 0.989790 0.002988
vt 0.992668 0.007810
vt 0.993621 0.018420
vt 0.987360 0.000173
vt 0.990653 0.013518
vt 0.989816 0.019761
vt 0.986704 0.013014
vt 0.985471 0.019444
vt 0.982539 0.014445
vt 0.984844 0.015987
vt 0.983990 0.008829
vt 0.982708 0.016155
vt 0.984072 0.006342
vt 0.987973 0.019927
vt 0.984871 0.013285
vt 0.988891 0.019889
vt 0.985775 0.013092
vt 0.987058 0.019844
vt 0.983997 0.013614
vt 0.981197 0.015601
vt 0.990371 0.003403
vt 0.983903 0.018776
vt 0.983984 0.007319
vt 0.983550 0.016097
vt 0.981862 0.016210
vt 0.984199 0.005367
vt 0.991696 0.019194
vt 0.988643 0.013138
vt 0.990738 0.019527
vt 0.987647 0.013036
vt 0.992754 0.018775
vt 0.989745 0.013348
vt 0.986126 0.016155
vt 0.988430 0.004460
vt 0.986737 0.016370
vt 0.988237 0.005169
vt 0.987356 0.016520
vt 0.988119 0.005892
vt 0.987966 0.016566
vt 0.988100 0.006604
vt 0.988555 0.016499
vt 0.988179 0.007287
vt 0.988333 0.007971
vt 0.989148 0.016347
vt 0.988566 0.008596
vt 0.989693 0.016099
vt 0.990172 0.015813
vt 0.988811 0.009154
vt 0.991484 0.000095
vt 0.991968 0.017388
vt 0.989234 0.000051
vt 0.990433 0.000053
vt 0.990983 0.016592
vt 0.992908 0.018027
vt 0.988146 0.000090
vt 0.988677 0.001323
vt 0.989491 0.014875
vt 0.988944 0.015650
vt 0.989377 0.001908
vt 0.990040 0.014207
vt 0.988043 0.000767
vt 0.986228 0.019675
vt 0.983227 0.014009
vt 0.989476 0.001759
vt 0.997686 0.010797
vt 0.988780 0.001175
vt 0.997793 0.011788
vt 0.992369 0.004141
vt 0.997830 0.012848
vt 0.988052 0.000539
vt 0.990460 0.000284
vt 0.988595 0.011735
vt 0.989277 0.000263
vt 0.989563 0.010943
vt 0.992593 0.004064
vt 0.990450 0.010052
vt 0.988106 0.000274
vt 0.984364 0.008581
vt 0.984310 0.007305
vt 0.984450 0.006492
vt 0.984663 0.005689
vt 0.984982 0.004743
vt 0.990291 0.004356
vt 0.983780 0.017830
vt 0.990323 0.005449
vt 0.982875 0.017535
vt 0.990407 0.006543
vt 0.981974 0.017213
vt 0.981856 0.014987
vt 0.984687 0.019137
vt 0.983959 0.008140
vt 0.984254 0.016044
vt 0.984291 0.008045
vt 0.990491 0.004347
vt 0.993716 0.000343
vt 0.990505 0.005427
vt 0.993690 0.001422
vt 0.990595 0.006511
vt 0.993686 0.002512
vt 0.992548 0.007101
vt 0.996413 0.010383
vt 0.992783 0.007160
vt 0.987786 0.010012
vt 0.992471 0.005911
vt 0.996984 0.011373
vt 0.992701 0.005878
vt 0.988889 0.010012
vt 0.990491 0.004882
vt 0.993702 0.000878
vt 0.990302 0.004897
vt 0.983331 0.017686
vt 0.983134 0.016126
vt 0.984024 0.006835
vt 0.984374 0.006901
vt 0.990538 0.005932
vt 0.993686 0.001929
vt 0.990356 0.005956
vt 0.982457 0.017389
vt 0.982317 0.016181
vt 0.984127 0.005890
vt 0.984539 0.006117
vt 0.990650 0.007013
vt 0.993687 0.003018
vt 0.990466 0.007150
vt 0.981474 0.017028
vt 0.981395 0.016240
vt 0.984278 0.004829
vt 0.984811 0.005239
vt 0.985874 0.011881
vt 0.994824 0.000378
vt 0.986427 0.010734
vt 0.995321 0.001550
vt 0.986206 0.011318
vt 0.995041 0.000995
vt 0.991054 0.004163
vt 0.987799 0.012786
vt 0.000000 0.000000
vt 0.989630 0.011055
vt 0.983040 0.015860
vt 1.000000 0.009888
vt 0.990831 0.004129
vt 0.999359 0.007989
vt 0.989812 0.010958
vt 0.982962 0.015618
vt 0.990941 0.011716
vt 0.997075 0.009929
vt 0.990527 0.013294
vt 0.991301 0.007365
vt 0.991166 0.006302
vt 0.989613 0.013142
vt 0.991096 0.005221
vt 0.988695 0.012964
vt 0.996773 0.009087
vt 0.991071 0.012637
vt 0.985036 0.015495
vt 0.989979 0.011475
vt 0.983522 0.015699
vt 0.990438 0.011853
vt 0.984082 0.015649
vt 0.990937 0.012188
vt 0.984658 0.015672
vt 0.991122 0.012332
vt 0.984873 0.015740
vt 0.997258 0.009749
vt 0.991066 0.007311
vt 0.996937 0.008768
vt 0.992201 0.010075
vt 0.984958 0.015135
vt 0.997639 0.008548
vt 0.991489 0.010248
vt 0.998063 0.009737
vt 0.990931 0.006386
vt 0.998472 0.008270
vt 0.990667 0.010569
vt 0.998996 0.009785
vt 0.990853 0.005303
vt 0.983486 0.015442
vt 0.991267 0.011210
vt 0.984063 0.015389
vt 0.991742 0.010824
vt 0.992248 0.010566
vt 0.984615 0.015424
vt 0.997286 0.008660
vt 0.991846 0.010152
vt 0.997658 0.009738
vt 0.990993 0.006853
vt 0.991227 0.006839
vt 0.990074 0.013220
vt 0.990683 0.012022
vt 0.984367 0.015655
vt 0.984346 0.015401
vt 0.991998 0.010683
vt 0.998026 0.008419
vt 0.991104 0.010385
vt 0.998498 0.009751
vt 0.990884 0.005883
vt 0.991126 0.005800
vt 0.989186 0.013062
vt 0.990200 0.011670
vt 0.983797 0.015662
vt 0.983780 0.015401
vt 0.991499 0.010995
vt 0.998893 0.008135
vt 0.990261 0.010751
vt 0.999474 0.009831
vt 0.990839 0.004745
vt 0.991075 0.004719
vt 0.988270 0.012878
vt 0.989780 0.011257
vt 0.983256 0.015772
vt 0.983199 0.015522
vt 0.991073 0.011468
vt 0.992006 0.002279
vt 0.990000 0.007729
vt 0.991905 0.002266
vt 0.991717 0.002176
vt 0.996746 0.003489
vt 0.982680 0.004601
vt 0.996754 0.003461
vt 0.995375 0.009908
vt 0.982702 0.006945
vt 0.982695 0.007217
vt 0.982697 0.006795
vt 0.982727 0.009151
vt 0.982734 0.008964
vt 0.982723 0.009315
vt 0.982636 0.008401
vt 0.982654 0.008285
vt 0.982695 0.008620
vt 0.982670 0.007749
vt 0.982676 0.007950
vt 0.982658 0.007577
vt 0.982671 0.006527
vt 0.982702 0.006355
vt 0.982657 0.006587
vt 0.982645 0.004900
vt 0.982631 0.004808
vt 0.982671 0.005007
vt 0.982689 0.005902
vt 0.982700 0.006085
vt 0.982652 0.005674
vt 0.982686 0.005462
vt 0.982647 0.005696
vt 0.982681 0.005270
vt 0.985582 0.006772
vt 0.990130 0.007692
vt 0.992854 0.008378
vt 0.993071 0.008517
vt 0.996434 0.007934
vt 0.993209 0.008562
vt 0.995997 0.008486
vt 0.995617 0.009216
vt 0.984866 0.003358
vt 0.981423 0.017342
vt 0.984831 0.002926
vt 0.998971 0.001471
vt 0.984807 0.002868
vt 0.999959 0.000623
vt 0.999599 0.000862
vt 0.998693 0.001869
vt 0.981930 0.017820
vt 0.998382 0.002380
vt 0.998472 0.002181
vt 0.982429 0.018291
vt 0.998197 0.002772
vt 0.982622 0.018473
vt 0.982880 0.018777
vt 0.985283 0.005658
vt 0.982937 0.018843
vt 0.985436 0.006240
vt 0.998094 0.002983
vt 0.998046 0.003156
vt 0.985547 0.006583
vt 0.985545 0.006574
vt 0.998027 0.003215
vt 0.997961 0.003434
vt 0.992727 0.008321
vt 0.995474 0.009586
vt 0.995598 0.009250
vt 0.995564 0.009325
vt 0.995581 0.009282
vt 0.982666 0.008120
vt 0.982668 0.007369
vt 0.982641 0.007488
vt 0.985406 0.010217
vt 0.993500 0.010893
vt 0.982542 0.004129
vt 0.993787 0.017962
vt 0.993616 0.014648
vt 0.993541 0.011666
vt 0.986008 0.010356
vt 0.984640 0.010104
vt 0.993826 0.014979
vt 0.993925 0.014076
vt 0.980977 0.010282
vt 0.994050 0.013229
vt 0.981680 0.010188
vt 0.982394 0.010104
vt 0.983121 0.010056
vt 0.983876 0.010045
vt 0.993773 0.015923
vt 0.993752 0.016914
vt 0.993576 0.012374
vt 0.993609 0.013093
vt 0.993624 0.013847
vt 0.993582 0.015476
vt 0.993924 0.019841
vt 0.993541 0.016323
vt 0.993852 0.018925
vt 0.997795 0.007874
vt 0.982508 0.009347
vt 0.981757 0.003593
vt 0.988379 0.003252
vt 0.988027 0.003107
vt 0.987007 0.002675
vt 0.985913 0.002789
vt 0.983272 0.009466
vt 0.983786 0.009344
vt 0.997204 0.008525
vt 0.986480 0.010473
vt 0.995468 0.001757
vt 0.000000 0.000000
vt 0.980877 0.016273
vt 0.984365 0.004233
vt 0.000000 0.000000
vt 0.990534 0.007822
vt 0.980920 0.016823
vt 0.000000 0.000000
vt 0.990715 0.007567
vt 0.993685 0.003577
vt 0.996635 0.018680
vt 0.994949 0.010153
vt 0.998834 0.019594
vt 0.990867 0.015907
vt 0.996613 0.019490
vt 0.990279 0.002813
vt 0.997547 0.014408
vt 0.985495 0.015906
vt 0.988671 0.003738
vt 0.984058 0.009588
vt 0.996908 0.017881
vt 0.990004 0.002175
vt 0.997517 0.010082
vt 0.990772 0.002947
vt 0.997875 0.014857
vt 0.991238 0.002967
vt 0.998260 0.015174
vt 0.998645 0.015422
vt 0.991672 0.002940
vt 0.990793 0.002215
vt 0.991222 0.002258
vt 0.991645 0.002202
vt 0.984516 0.009119
vt 0.990367 0.002110
vt 0.996741 0.017861
vt 0.988593 0.016321
vt 0.989935 0.002351
vt 0.997679 0.019620
vt 0.993768 0.010280
vt 0.989063 0.008899
vt 0.991715 0.000374
vt 0.987514 0.012482
vt 0.997125 0.017817
vt 0.988424 0.007149
vt 0.997087 0.016432
vt 0.988308 0.005786
vt 0.998018 0.019577
vt 0.994099 0.010179
vt 0.995415 0.010212
vt 0.999288 0.019628
vt 0.998204 0.006264
vt 0.984856 0.001649
vt 0.997273 0.018484
vt 0.988608 0.007794
vt 0.997478 0.019127
vt 0.988847 0.008415
vt 0.997059 0.017129
vt 0.988323 0.006476
vt 0.997599 0.016432
vt 0.998056 0.016441
vt 0.997201 0.015768
vt 0.988386 0.005117
vt 0.997358 0.015071
vt 0.988515 0.004413
vt 0.997634 0.015764
vt 0.997584 0.017065
vt 0.997616 0.017694
vt 0.997701 0.018311
vt 0.997849 0.018965
vt 0.998118 0.015847
vt 0.998043 0.017038
vt 0.998062 0.017619
vt 0.998130 0.018204
vt 0.998278 0.018883
vt 0.998428 0.019572
vt 0.994519 0.010135
vt 0.998577 0.015920
vt 0.998538 0.016457
vt 0.998528 0.016995
vt 0.998537 0.017564
vt 0.998595 0.018119
vt 0.998717 0.018837
vt 0.985383 0.010824
vt 0.994526 0.017917
vt 0.995262 0.017884
vt 0.982068 0.005410
vt 0.992268 0.011059
vt 0.986049 0.011607
vt 0.994926 0.000690
vt 0.985503 0.011486
vt 0.985975 0.010928
vt 0.991253 0.014522
vt 0.991452 0.011247
vt 0.989761 0.007272
vt 0.981885 0.006331
vt 0.985690 0.012145
vt 0.994726 0.000057
vt 0.995996 0.017865
vt 0.985057 0.012675
vt 0.982163 0.015652
vt 0.984641 0.010772
vt 0.984760 0.011443
vt 0.984930 0.012157
vt 0.986333 0.011033
vt 0.995170 0.001283
vt 0.997015 0.015239
vt 0.986680 0.015155
vt 0.994621 0.015065
vt 0.995416 0.015144
vt 0.996212 0.015208
vt 0.997109 0.014404
vt 0.985987 0.014963
vt 0.994715 0.014200
vt 0.995508 0.014295
vt 0.996302 0.014368
vt 0.997207 0.013589
vt 0.981896 0.013872
vt 0.985292 0.014855
vt 0.981094 0.011197
vt 0.994826 0.013365
vt 0.981292 0.012123
vt 0.995615 0.013464
vt 0.996407 0.013544
vt 0.981571 0.013015
vt 0.982538 0.013637
vt 0.984618 0.014836
vt 0.981791 0.011066
vt 0.981974 0.011938
vt 0.982233 0.012789
vt 0.983186 0.013405
vt 0.983948 0.014918
vt 0.982489 0.010944
vt 0.982659 0.011771
vt 0.982899 0.012581
vt 0.983834 0.013158
vt 0.983310 0.015096
vt 0.983188 0.010845
vt 0.983345 0.011621
vt 0.983569 0.012389
vt 0.984448 0.012908
vt 0.982721 0.015344
vt 0.983907 0.010773
vt 0.984041 0.011494
vt 0.984238 0.012227
vt 0.996916 0.016104
vt 0.987355 0.015441
vt 0.994560 0.015969
vt 0.995345 0.016024
vt 0.996132 0.016080
vt 0.996813 0.016998
vt 0.988016 0.015835
vt 0.994521 0.016916
vt 0.995287 0.016935
vt 0.996055 0.016965
vt 0.990236 0.015739
vt 0.997256 0.019364
vt 0.989688 0.002736
vt 0.992574 0.007554
vt 0.996199 0.010002
vt 0.993093 0.011700
vt 0.992643 0.011746
vt 0.992605 0.012442
vt 0.993090 0.012406
vt 0.992555 0.013135
vt 0.993081 0.013115
vt 0.992492 0.013846
vt 0.993057 0.013849
vt 0.992414 0.014589
vt 0.993014 0.014623
vt 0.991089 0.015192
vt 0.991696 0.015290
vt 0.992315 0.015370
vt 0.992946 0.015431
vt 0.991517 0.016067
vt 0.995955 0.019588
vt 0.992184 0.016189
vt 0.995289 0.019683
vt 0.992862 0.016270
vt 0.994604 0.019770
vt 0.995950 0.018713
vt 0.995261 0.018775
vt 0.994559 0.018854
vt 0.997083 0.018643
vt 0.996840 0.010071
vt 0.994433 0.012417
vt 0.994923 0.012558
vt 0.995430 0.012669
vt 0.995949 0.012738
vt 0.996473 0.012769
vt 0.996992 0.012781
vt 0.994354 0.011860
vt 0.994809 0.011963
vt 0.995268 0.012049
vt 0.995761 0.012103
vt 0.996256 0.012131
vt 0.996759 0.012152
vt 0.994282 0.011308
vt 0.994703 0.011372
vt 0.995126 0.011434
vt 0.995598 0.011493
vt 0.996078 0.011529
vt 0.996546 0.011535
vt 0.996872 0.011568
vt 0.982091 0.008740
vt 0.996357 0.010841
vt 0.995951 0.010848
vt 0.995475 0.010831
vt 0.995023 0.010785
vt 0.994615 0.010762
vt 0.994211 0.010767
vt 0.991395 0.013853
vt 0.991528 0.013179
vt 0.991652 0.012528
vt 0.991759 0.011877
vt 0.990484 0.015097
vt 0.989478 0.003396
vt 0.990678 0.014477
vt 0.989346 0.004034
vt 0.990852 0.013846
vt 0.989296 0.004680
vt 0.991014 0.013205
vt 0.989317 0.005329
vt 0.991168 0.012580
vt 0.989400 0.005965
vt 0.991304 0.011961
vt 0.989545 0.006582
vt 0.995895 0.010370
vt 0.998685 0.006407
vt 0.996278 0.010499
vt 0.982584 0.009864
vt 0.999071 0.006522
vt 0.996473 0.010831
vt 0.982399 0.009524
vt 0.997208 0.012196
vt 0.981952 0.008035
vt 0.997532 0.012786
vt 0.981872 0.007349
vt 0.985421 0.001954
vt 0.999222 0.018906
vt 0.999187 0.018112
vt 0.986082 0.002156
vt 0.990228 0.001557
vt 0.990083 0.001395
vt 0.998988 0.018080
vt 0.998813 0.017525
vt 0.993969 0.003617
vt 0.998847 0.016982
vt 0.994425 0.003521
vt 0.998887 0.016413
vt 0.994903 0.003410
vt 0.998923 0.015956
vt 0.995287 0.003310
vt 0.998961 0.015516
vt 0.991981 0.002823
vt 0.989841 0.008242
vt 0.995657 0.003211
vt 0.989892 0.001137
vt 0.998793 0.017828
vt 0.993716 0.003665
vt 0.993089 0.010929
vt 0.982351 0.004543
vt 0.982472 0.008985
vt 0.997587 0.007603
vt 0.988224 0.003784
vt 0.981521 0.004083
vt 0.982417 0.008272
vt 0.997227 0.007022
vt 0.987051 0.003250
vt 0.987869 0.003655
vt 0.987985 0.004881
vt 0.981147 0.005126
vt 0.982369 0.007524
vt 0.996905 0.006373
vt 0.983196 0.008992
vt 0.985949 0.003269
vt 0.983098 0.008033
vt 0.986012 0.004232
vt 0.987126 0.004412
vt 0.987636 0.004787
vt 0.987864 0.006008
vt 0.980951 0.006238
vt 0.996469 0.007469
vt 0.983612 0.007999
vt 0.996942 0.008189
vt 0.983714 0.008898
vt 0.987177 0.005605
vt 0.987527 0.005974
vt 0.996636 0.005590
vt 0.982321 0.006681
vt 0.983068 0.006996
vt 0.986070 0.005268
vt 0.996050 0.006653
vt 0.983561 0.007050
vt 0.986111 0.006485
vt 0.983146 0.005782
vt 0.987194 0.007000
vt 0.987546 0.007369
vt 0.980949 0.007572
vt 0.987870 0.007343
vt 0.996544 0.005130
vt 0.982314 0.006209
vt 0.983601 0.005948
vt 0.995707 0.005626
vt 0.986098 0.007110
vt 0.983264 0.005173
vt 0.983697 0.005343
vt 0.995617 0.005020
vt 0.987178 0.007718
vt 0.987630 0.008080
vt 0.981056 0.008242
vt 0.987940 0.008019
vt 0.996506 0.004664
vt 0.982337 0.005742
vt 0.986040 0.007800
vt 0.983475 0.004524
vt 0.983870 0.004749
vt 0.995632 0.004393
vt 0.987142 0.008490
vt 0.987779 0.008833
vt 0.988087 0.008865
vt 0.981294 0.009059
vt 0.996524 0.004239
vt 0.982395 0.005321
vt 0.996607 0.003831
vt 0.982512 0.004925
vt 0.983771 0.003931
vt 0.985923 0.008473
vt 0.984116 0.004200
vt 0.995750 0.003789
vt 0.988009 0.009639
vt 0.987096 0.009338
vt 0.997901 0.013109
vt 0.982299 0.001001
vt 0.981514 0.009602
vt 0.988232 0.009441
vt 0.998182 0.013105
vt 0.995860 0.003423
vt 0.984300 0.003877
vt 0.984024 0.003554
vt 0.985798 0.008929
vt 0.996130 0.003112
vt 0.993324 0.004385
vt 0.994742 0.009578
vt 0.984613 0.003628
vt 0.999195 0.010034
vt 0.997965 0.005410
vt 0.999821 0.010293
vt 0.998105 0.004653
vt 0.981084 0.001736
vt 0.998703 0.010188
vt 0.992068 0.001561
vt 0.997907 0.006001
vt 0.991934 0.001986
vt 0.998220 0.010329
vt 0.991512 0.001676
vt 0.999300 0.013140
vt 0.998516 0.004347
vt 0.985819 0.009839
vt 0.980963 0.001186
vt 0.997737 0.010466
vt 0.991090 0.001175
vt 0.985968 0.001326
vt 0.991021 0.001590
vt 0.999592 0.013087
vt 0.999020 0.013251
vt 0.999559 0.014412
vt 0.983478 0.001133
vt 0.998505 0.014297
vt 0.983472 0.001585
vt 0.999958 0.013085
vt 0.985045 0.002381
vt 0.985151 0.000461
vt 0.999730 0.014383
vt 0.986040 0.002401
vt 0.986146 0.000463
vt 0.990341 0.001344
vt 0.983352 0.000511
vt 0.983248 0.002276
vt 0.998757 0.013398
vt 0.983277 0.000980
vt 0.999397 0.014479
vt 0.999816 0.015670
vt 0.999815 0.001804
vt 0.998863 0.014059
vt 0.999940 0.004724
vt 0.984590 0.001544
vt 0.999940 0.014391
vt 0.999858 0.015663
vt 0.999854 0.001821
vt 0.984609 0.001286
vt 0.999104 0.015424
vt 0.983526 0.001739
vt 0.998671 0.004811
vt 0.982165 0.000864
vt 0.999246 0.014571
vt 0.999776 0.015688
vt 0.999773 0.001804
vt 0.999795 0.001904
vt 0.999343 0.015256
vt 0.999915 0.003403
vt 0.999904 0.015676
vt 0.985693 0.001506
vt 0.999886 0.001861
vt 0.982079 0.002157
vt 0.982180 0.000591
vt 0.999820 0.016431
vt 0.999878 0.002103
vt 0.985725 0.001450
vt 0.999700 0.016536
vt 0.999895 0.001929
vt 0.999202 0.003352
vt 0.982167 0.001804
vt 0.999743 0.015717
vt 0.981067 0.000755
vt 0.999735 0.001822
vt 0.981037 0.000690
vt 0.980938 0.002022
vt 0.999696 0.001880
vt 0.980947 0.001835
vt 0.999719 0.002065
vt 0.991480 0.000756
vt 0.993682 0.005553
vt 0.990902 0.009658
vt 0.995336 0.005053
vt 0.991127 0.009767
vt 0.995333 0.005337
vt 0.991049 0.009089
vt 0.985967 0.006797
vt 0.996597 0.000235
vt 0.990300 0.008096
vt 0.991428 0.001097
vt 0.991347 0.001458
vt 0.997966 0.001525
vt 0.993217 0.018000
vt 0.991270 0.009198
vt 0.993702 0.005828
vt 0.991711 0.000819
vt 0.995785 0.000148
vt 0.993505 0.016528
vt 0.992531 0.008916
vt 0.992746 0.009435
vt 0.995837 0.007159
vt 0.992679 0.001735
vt 0.994032 0.007229
vt 0.997954 0.001918
vt 0.996497 0.001423
vt 0.991086 0.008862
vt 0.991656 0.001167
vt 0.991575 0.001527
vt 0.995527 0.000366
vt 0.997740 0.003374
vt 0.992604 0.008543
vt 0.992933 0.009243
vt 0.995984 0.007394
vt 0.992414 0.001892
vt 0.997860 0.005483
vt 0.992820 0.002282
vt 0.993701 0.007650
vt 0.992719 0.008733
vt 0.993920 0.008271
vt 0.993199 0.002772
vt 0.993087 0.002523
vt 0.993805 0.008025
vt 0.992555 0.002439
vt 0.997593 0.005004
vt 0.992818 0.002676
vt 0.997563 0.004618
vt 0.993032 0.004107
vt 0.998557 0.003769
vt 0.984366 0.003296
vt 0.985580 0.009329
vt 0.992933 0.002922
vt 0.997675 0.004370
vt 0.999868 0.000194
vt 0.985141 0.003090
vt 0.999980 0.000553
vt 0.984870 0.002878
vt 0.998431 0.001326
vt 0.996084 0.002518
vt 0.999152 0.000085
vt 0.985341 0.003897
vt 0.984904 0.003388
vt 0.981461 0.017313
vt 0.998543 0.001577
vt 0.995888 0.002350
vt 0.997998 0.001293
vt 0.996510 0.002420
vt 0.996171 0.002307
vt 0.991684 0.016679
vt 0.998467 0.000034
vt 0.985519 0.004670
vt 0.985053 0.004156
vt 0.982011 0.017770
vt 0.991771 0.016456
vt 0.996002 0.002160
vt 0.998379 0.002021
vt 0.995785 0.001883
vt 0.996563 0.002177
vt 0.991971 0.017017
vt 0.997589 0.001284
vt 0.996908 0.002312
vt 0.997812 0.000056
vt 0.985678 0.005410
vt 0.985173 0.004884
vt 0.982494 0.018253
vt 0.992162 0.016419
vt 0.995935 0.001711
vt 0.998219 0.002423
vt 0.995696 0.001451
vt 0.996933 0.002037
vt 0.992261 0.017319
vt 0.997205 0.001308
vt 0.997278 0.002189
vt 0.985834 0.006153
vt 0.997159 0.000134
vt 0.985271 0.005569
vt 0.982892 0.018770
vt 0.992527 0.016401
vt 0.995879 0.001291
vt 0.998056 0.002781
vt 0.995626 0.001054
vt 0.997284 0.001880
vt 0.992565 0.017577
vt 0.997644 0.002048
vt 0.996822 0.001361
vt 0.992868 0.016417
vt 0.995838 0.000895
vt 0.995566 0.000654
vt 0.997878 0.003130
vt 0.995807 0.000498
vt 0.993209 0.016464
vt 0.997630 0.001706
vt 0.992888 0.017803
vt 0.999881 0.010938
vt 0.981639 0.001682
vt 0.999326 0.010967
vt 0.998878 0.011054
vt 0.998452 0.011218
vt 0.998045 0.011421
vt 0.985099 0.001203
vt 0.998386 0.012822
vt 0.981755 0.009363
vt 0.999924 0.006079
vt 0.999926 0.011719
vt 0.982307 0.001641
vt 0.999430 0.011739
vt 0.999032 0.011814
vt 0.998651 0.011961
vt 0.998289 0.012146
vt 0.984436 0.001116
vt 0.984370 0.002354
vt 0.984476 0.000468
vt 0.998619 0.013439
vt 0.999939 0.005405
vt 0.982896 0.001063
vt 0.998205 0.013712
vt 0.982897 0.001610
vt 0.999949 0.012411
vt 0.999514 0.012422
vt 0.999166 0.012486
vt 0.998834 0.012616
vt 0.998519 0.012784
vt 0.983849 0.001045
vt 0.984035 0.001564
vt 0.999953 0.013744
vt 0.984048 0.001208
vt 0.998805 0.014866
vt 0.999105 0.014663
vt 0.999930 0.004057
vt 0.998933 0.004065
vt 0.982835 0.001777
vt 0.982662 0.002220
vt 0.982765 0.000547
vt 0.982717 0.000921
vt 0.998999 0.013992
vt 0.999208 0.013871
vt 0.999430 0.013781
vt 0.999663 0.013740
vt 0.999793 0.015015
vt 0.999686 0.015033
vt 0.999584 0.015076
vt 0.981623 0.000810
vt 0.999491 0.015137
vt 0.981516 0.002091
vt 0.981616 0.000639
vt 0.999455 0.002715
vt 0.981564 0.001821
vt 0.999578 0.015836
vt 0.999898 0.002761
vt 0.985160 0.001366
vt 0.999399 0.015973
vt 0.985134 0.001525
vt 0.999923 0.015026
vt 0.983925 0.000485
vt 0.983820 0.002321
vt 0.984213 0.001694
vt 0.998426 0.005560
vt 0.986428 0.009602
vt 0.981603 0.001135
vt 0.993967 0.012248
vt 0.987519 0.010564
vt 0.993834 0.011722
vt 0.987619 0.011082
vt 0.993783 0.011263
vt 0.987630 0.011518
vt 0.993770 0.010829
vt 0.987589 0.011941
vt 0.991831 0.014555
vt 0.991943 0.013846
vt 0.992043 0.013156
vt 0.992132 0.012483
vt 0.992206 0.011805
vt 0.982442 0.008623
vt 0.997396 0.007315
vt 0.996698 0.007835
vt 0.983657 0.008449
vt 0.983139 0.008516
vt 0.985981 0.003749
vt 0.987091 0.003828
vt 0.987738 0.004214
vt 0.988092 0.004326
vt 0.981315 0.004593
vt 0.982196 0.004969
vt 0.992678 0.010985
vt 0.982394 0.007915
vt 0.997067 0.006717
vt 0.996253 0.007081
vt 0.983579 0.007539
vt 0.983073 0.007531
vt 0.986041 0.004734
vt 0.987155 0.005009
vt 0.987565 0.005380
vt 0.987909 0.005440
vt 0.981025 0.005675
vt 0.981967 0.005860
vt 0.991862 0.011145
vt 0.985757 0.012395
vt 0.981542 0.016077
vt 0.990901 0.003488
vt 0.994507 0.000000
vt 0.982345 0.007134
vt 0.996765 0.006018
vt 0.995864 0.006175
vt 0.983564 0.006526
vt 0.983086 0.006412
vt 0.986096 0.005852
vt 0.987194 0.006275
vt 0.987514 0.006645
vt 0.987847 0.006655
vt 0.980919 0.006885
vt 0.997865 0.013386
vt 0.988970 0.003530
vt 0.981861 0.006635
vt 0.997251 0.013419
vt 0.988878 0.004235
vt 0.996703 0.013428
vt 0.988825 0.004862
vt 0.996141 0.013397
vt 0.988800 0.005495
vt 0.995572 0.013318
vt 0.988806 0.006131
vt 0.995023 0.013175
vt 0.988844 0.006764
vt 0.994502 0.012978
vt 0.988913 0.007389
vt 0.994142 0.012787
vt 0.988976 0.007840
vt 0.987362 0.010018
vt 0.992811 0.007653
vt 0.989884 0.007051
vt 0.989157 0.003583
vt 0.982032 0.006530
vt 0.989076 0.004199
vt 0.989705 0.006464
vt 0.989022 0.004812
vt 0.989571 0.005868
vt 0.988995 0.005431
vt 0.989496 0.005254
vt 0.989483 0.004629
vt 0.988996 0.006056
vt 0.989027 0.006679
vt 0.989537 0.004009
vt 0.989087 0.007297
vt 0.989657 0.003402
vt 0.989150 0.007733
vt 0.989790 0.002988
vt 0.992668 0.007810
vt 0.993621 0.018420
vt 0.987360 0.000173
vt 0.990653 0.013518
vt 0.989816 0.019761
vt 0.986704 0.013014
vt 0.985471 0.019444
vt 0.982539 0.014445
vt 0.984844 0.015987
vt 0.983990 0.008829
vt 0.982708 0.016155
vt 0.984072 0.006342
vt 0.987973 0.019927
vt 0.984871 0.013285
vt 0.988891 0.019889
vt 0.985775 0.013092
vt 0.987058 0.019844
vt 0.983997 0.013614
vt 0.981197 0.015601
vt 0.990371 0.003403
vt 0.983903 0.018776
vt 0.983984 0.007319
vt 0.983550 0.016097
vt 0.981862 0.016210
vt 0.984199 0.005367
vt 0.991696 0.019194
vt 0.988643 0.013138
vt 0.990738 0.019527
vt 0.987647 0.013036
vt 0.992754 0.018775
vt 0.989745 0.013348
vt 0.986126 0.016155
vt 0.988430 0.004460
vt 0.986737 0.016370
vt 0.988237 0.005169
vt 0.987356 0.016520
vt 0.988119 0.005892
vt 0.987966 0.016566
vt 0.988100 0.006604
vt 0.988555 0.016499
vt 0.988179 0.007287
vt 0.988333 0.007971
vt 0.989148 0.016347
vt 0.988566 0.008596
vt 0.989693 0.016099
vt 0.990172 0.015813
vt 0.988811 0.009154
vt 0.991484 0.000095
vt 0.991968 0.017388
vt 0.989234 0.000051
vt 0.990433 0.000053
vt 0.990983 0.016592
vt 0.992908 0.018027
vt 0.988146 0.000090
vt 0.988677 0.001323
vt 0.989491 0.014875
vt 0.988944 0.015650
vt 0.989377 0.001908
vt 0.990040 0.014207
vt 0.988043 0.000767
vt 0.986228 0.019675
vt 0.983227 0.014009
vt 0.989476 0.001759
vt 0.997686 0.010797
vt 0.988780 0.001175
vt 0.997793 0.011788
vt 0.992369 0.004141
vt 0.997830 0.012848
vt 0.988052 0.000539
vt 0.990460 0.000284
vt 0.988595 0.011735
vt 0.989277 0.000263
vt 0.989563 0.010943
vt 0.992593 0.004064
vt 0.990450 0.010052
vt 0.988106 0.000274
vt 0.984364 0.008581
vt 0.984310 0.007305
vt 0.984450 0.006492
vt 0.984663 0.005689
vt 0.984982 0.004743
vt 0.990291 0.004356
vt 0.983780 0.017830
vt 0.990323 0.005449
vt 0.982875 0.017535
vt 0.990407 0.006543
vt 0.981974 0.017213
vt 0.981856 0.014987
vt 0.984687 0.019137
vt 0.983959 0.008140
vt 0.984254 0.016044
vt 0.984291 0.008045
vt 0.990491 0.004347
vt 0.993716 0.000343
vt 0.990505 0.005427
vt 0.993690 0.001422
vt 0.990595 0.006511
vt 0.993686 0.002512
vt 0.992548 0.007101
vt 0.996413 0.010383
vt 0.992783 0.007160
vt 0.987786 0.010012
vt 0.992471 0.005911
vt 0.996984 0.011373
vt 0.992701 0.005878
vt 0.988889 0.010012
vt 0.990491 0.004882
vt 0.993702 0.000878
vt 0.990302 0.004897
vt 0.983331 0.017686
vt 0.983134 0.016126
vt 0.984024 0.006835
vt 0.984374 0.006901
vt 0.990538 0.005932
vt 0.993686 0.001929
vt 0.990356 0.005956
vt 0.982457 0.017389
vt 0.982317 0.016181
vt 0.984127 0.005890
vt 0.984539 0.006117
vt 0.990650 0.007013
vt 0.993687 0.003018
vt 0.990466 0.007150
vt 0.981474 0.017028
vt 0.981395 0.016240
vt 0.984278 0.004829
vt 0.984811 0.005239
vt 0.985874 0.011881
vt 0.994824 0.000378
vt 0.986427 0.010734
vt 0.995321 0.001550
vt 0.986206 0.011318
vt 0.995041 0.000995
vt 0.000000 0.000000
vt 0.991054 0.004163
vt 0.987799 0.012786
vt 0.989630 0.011055
vt 0.983040 0.015860
vt 1.000000 0.009888
vt 0.990831 0.004129
vt 0.999359 0.007989
vt 0.989812 0.010958
vt 0.982962 0.015618
vt 0.990941 0.011716
vt 0.997075 0.009929
vt 0.990527 0.013294
vt 0.991301 0.007365
vt 0.991166 0.006302
vt 0.989613 0.013142
vt 0.991096 0.005221
vt 0.988695 0.012964
vt 0.996773 0.009087
vt 0.991071 0.012637
vt 0.985036 0.015495
vt 0.989979 0.011475
vt 0.983522 0.015699
vt 0.990438 0.011853
vt 0.984082 0.015649
vt 0.990937 0.012188
vt 0.984658 0.015672
vt 0.991122 0.012332
vt 0.984873 0.015740
vt 0.997258 0.009749
vt 0.991066 0.007311
vt 0.996937 0.008768
vt 0.992201 0.010075
vt 0.984958 0.015135
vt 0.997639 0.008548
vt 0.991489 0.010248
vt 0.998063 0.009737
vt 0.990931 0.006386
vt 0.998472 0.008270
vt 0.990667 0.010569
vt 0.998996 0.009785
vt 0.990853 0.005303
vt 0.983486 0.015442
vt 0.991267 0.011210
vt 0.984063 0.015389
vt 0.991742 0.010824
vt 0.992248 0.010566
vt 0.984615 0.015424
vt 0.997286 0.008660
vt 0.991846 0.010152
vt 0.997658 0.009738
vt 0.990993 0.006853
vt 0.991227 0.006839
vt 0.990074 0.013220
vt 0.990683 0.012022
vt 0.984367 0.015655
vt 0.984346 0.015401
vt 0.991998 0.010683
vt 0.998026 0.008419
vt 0.991104 0.010385
vt 0.998498 0.009751
vt 0.990884 0.005883
vt 0.991126 0.005800
vt 0.989186 0.013062
vt 0.990200 0.011670
vt 0.983797 0.015662
vt 0.983780 0.015401
vt 0.991499 0.010995
vt 0.998893 0.008135
vt 0.990261 0.010751
vt 0.999474 0.009831
vt 0.990839 0.004745
vt 0.991075 0.004719
vt 0.988270 0.012878
vt 0.989780 0.011257
vt 0.983256 0.015772
vt 0.983199 0.015522
vt 0.991073 0.011468
vt 0.992006 0.002279
vt 0.990000 0.007729
vt 0.991905 0.002266
vt 0.991717 0.002176
vt 0.996746 0.003489
vt 0.982680 0.004601
vt 0.996754 0.003461
vt 0.995375 0.009908
vt 0.982702 0.006945
vt 0.982695 0.007217
vt 0.982697 0.006795
vt 0.982727 0.009151
vt 0.982734 0.008964
vt 0.982723 0.009315
vt 0.982723 0.009315
vt 0.982636 0.008401
vt 0.982654 0.008285
vt 0.982695 0.008620
vt 0.982670 0.007749
vt 0.982676 0.007950
vt 0.982658 0.007577
vt 0.982671 0.006527
vt 0.982702 0.006355
vt 0.982657 0.006587
vt 0.982645 0.004900
vt 0.982631 0.004808
vt 0.982671 0.005007
vt 0.982689 0.005902
vt 0.982700 0.006085
vt 0.982652 0.005674
vt 0.982686 0.005462
vt 0.982647 0.005696
vt 0.982681 0.005270
vt 0.985582 0.006772
vt 0.990130 0.007692
vt 0.992854 0.008378
vt 0.993071 0.008517
vt 0.996434 0.007934
vt 0.993209 0.008562
vt 0.995997 0.008486
vt 0.995617 0.009216
vt 0.984866 0.003358
vt 0.981423 0.017342
vt 0.984831 0.002926
vt 0.998971 0.001471
vt 0.984807 0.002868
vt 0.999959 0.000623
vt 0.999599 0.000862
vt 0.998693 0.001869
vt 0.981930 0.017820
vt 0.998382 0.002380
vt 0.998472 0.002181
vt 0.982429 0.018291
vt 0.998197 0.002772
vt 0.982622 0.018473
vt 0.982880 0.018777
vt 0.985283 0.005658
vt 0.982937 0.018843
vt 0.985436 0.006240
vt 0.998094 0.002983
vt 0.998046 0.003156
vt 0.985547 0.006583
vt 0.985545 0.006574
vt 0.998027 0.003215
vt 0.997961 0.003434
vt 0.992727 0.008321
vt 0.995474 0.009586
vt 0.995598 0.009250
vt 0.995564 0.009325
vt 0.995581 0.009282
vt 0.982666 0.008120
vt 0.982668 0.007369
vt 0.982641 0.007488
vt 0.982723 0.009315
s 0
f 1/1/1 74/116/1 86/134/1 7/8/1
f 7/8/2 86/134/2 115/175/2 14/16/2
f 13/15/3 111/170/3 107/165/3 12/14/3
f 11/13/4 103/160/4 99/152/4 10/12/4
f 10/11/5 99/153/5 95/146/5 9/10/5
f 91/141/6 8/9/6 9/10/6 95/146/6
f 47/78/7 53/92/7 58/99/7 52/90/7
f 119/180/8 15/17/8 8/9/8 91/141/8
f 46/76/9 59/100/9 60/101/9 50/86/9
f 45/71/10 51/88/10 61/102/10 48/80/10
f 368/635/11 369/637/11 160/230/11 154/224/11
f 3/4/12 75/117/12 146/215/12 22/25/12
f 22/25/13 146/215/13 143/212/13 21/24/13
f 177/248/14 137/203/14 34/47/14 126/188/14
f 21/23/15 143/211/15 140/206/15 20/22/15
f 178/250/16 81/125/16 137/203/16 177/248/16
f 136/202/17 4/5/17 20/22/17 140/206/17
f 40/63/18 37/57/18 35/49/18 43/67/18
f 37/57/19 40/63/19 41/64/19 38/59/19
f 39/62/20 38/59/20 41/64/20 42/65/20
f 61/102/21 51/88/21 50/86/21 60/101/21
f 59/100/22 46/76/22 52/90/22 58/99/22
f 55/94/23 57/98/23 53/92/23 47/78/23
f 69/111/24 54/93/24 62/103/24 68/110/24
f 56/96/25 57/98/25 55/94/25
f 37/58/26 56/96/26 35/50/26
f 57/98/27 37/58/27 38/60/27 62/103/27
f 64/105/28 59/100/28 58/99/28 63/104/28
f 65/106/29 60/101/29 59/100/29 64/105/29
f 61/102/30 60/101/30 65/106/30 66/107/30
f 48/80/31 61/102/31 66/107/31 67/108/31
f 39/61/32 68/110/32 62/103/32 38/60/32
f 63/104/33 70/112/33 71/113/33 64/105/33
f 65/106/34 64/105/34 71/113/34 72/114/34
f 72/114/35 73/115/35 66/107/35 65/106/35
f 67/108/36 66/107/36 73/115/36 33/46/36
f 37/58/37 57/98/37 56/96/37
f 54/93/38 69/111/38 70/112/38 63/104/38
f 53/92/39 54/93/39 63/104/39 58/99/39
f 54/93/40 53/92/40 57/98/40 62/103/40
f 112/171/41 113/172/41 109/167/41 108/166/41
f 116/176/42 115/175/42 86/134/42 87/135/42
f 108/166/43 107/165/43 111/170/43 112/171/43
f 104/161/44 103/160/44 107/165/44 108/166/44
f 100/154/45 99/152/45 103/160/45 104/161/45
f 96/147/46 95/146/46 99/153/46 100/155/46
f 92/142/47 91/141/47 95/146/47 96/147/47
f 124/186/48 123/185/48 119/180/48 120/181/48
f 76/118/49 75/117/49 123/185/49 124/186/49
f 145/214/50 146/215/50 75/117/50 76/118/50
f 133/199/51 134/200/51 136/202/51 135/201/51
f 127/193/52 128/194/52 381/657/52 197/293/52
f 5/6/53 127/193/53 197/293/53 2/3/53
f 87/135/54 88/136/54 117/177/54 116/176/54
f 108/166/55 109/167/55 105/162/55 104/161/55
f 104/161/56 105/162/56 101/157/56 100/154/56
f 100/155/57 101/156/57 97/148/57 96/147/57
f 93/143/58 92/142/58 96/147/58 97/148/58
f 120/181/59 121/182/59 125/187/59 124/186/59
f 124/186/60 125/187/60 84/131/60 76/118/60
f 144/213/61 145/214/61 76/118/61 84/131/61
f 74/116/62 1/1/62 6/7/62 80/124/62
f 117/177/63 114/173/63 110/168/63 113/172/63
f 109/167/64 106/163/64 102/158/64 105/162/64
f 101/156/65 98/149/65 94/144/65 97/148/65
f 97/148/66 94/144/66 90/139/66 93/143/66
f 93/143/67 90/139/67 118/178/67 121/182/67
f 125/187/68 122/183/68 44/68/68 84/131/68
f 44/68/69 36/54/69 147/216/69 32/44/69
f 84/131/70 44/68/70 32/44/70 144/213/70
f 144/213/71 32/44/71 34/48/71 141/208/71
f 141/207/72 34/47/72 137/203/72 138/204/72
f 80/124/73 78/121/73 79/123/73 74/116/73
f 79/123/74 475/847/74 83/129/74
f 87/135/75 86/134/75 74/116/75 79/123/75
f 88/136/76 87/135/76 79/123/76 83/129/76
f 78/121/77 80/124/77 477/851/77
f 105/162/78 102/158/78 98/150/78 101/157/78
f 12/14/79 107/165/79 103/160/79 11/13/79
f 111/170/80 13/15/80 14/16/80 115/175/80
f 113/172/81 112/171/81 116/176/81 117/177/81
f 112/171/82 111/170/82 115/175/82 116/176/82
f 113/172/83 110/168/83 106/163/83 109/167/83
f 88/136/84 85/132/84 114/173/84 117/177/84
f 15/17/85 119/180/85 123/185/85 16/18/85
f 120/181/86 119/180/86 91/141/86 92/142/86
f 121/182/87 120/181/87 92/142/87 93/143/87
f 16/18/88 123/185/88 75/117/88 3/4/88
f 121/182/89 118/178/89 122/183/89 125/187/89
f 157/227/90 151/221/90 150/220/90 156/226/90
f 127/193/91 5/6/91 17/19/91 130/196/91
f 182/258/92 176/247/92 175/246/92 181/256/92
f 375/645/93 128/194/93 129/195/93 374/644/93
f 128/194/94 127/193/94 130/196/94 129/195/94
f 181/256/95 175/246/95 174/245/95 180/254/95
f 131/197/96 373/643/96 374/644/96 129/195/96
f 129/195/97 130/196/97 132/198/97 131/197/97
f 18/20/98 132/198/98 130/196/98 17/19/98
f 180/254/99 174/245/99 173/244/99 179/252/99
f 373/643/100 131/197/100 133/199/100 372/642/100
f 131/197/101 132/198/101 134/200/101 133/199/101
f 19/21/102 134/200/102 132/198/102 18/20/102
f 372/642/103 133/199/103 135/201/103 371/641/103
f 4/5/104 136/202/104 134/200/104 19/21/104
f 139/205/105 138/204/105 371/641/105 135/201/105
f 135/201/106 136/202/106 140/206/106 139/205/106
f 142/209/107 141/207/107 138/204/107 139/205/107
f 139/205/108 140/206/108 143/211/108 142/209/108
f 145/214/109 144/213/109 141/208/109 142/210/109
f 142/210/110 143/212/110 146/215/110 145/214/110
f 367/633/111 368/635/111 154/224/111 148/218/111
f 148/218/112 154/224/112 155/225/112 149/219/112
f 149/219/113 155/225/113 156/226/113 150/220/113
f 151/221/114 157/227/114 158/228/114 152/222/114
f 159/229/115 153/223/115 152/222/115 158/228/115
f 154/224/116 160/230/116 161/231/116 155/225/116
f 162/232/117 156/226/117 155/225/117 161/231/117
f 156/226/118 162/232/118 163/233/118 157/227/118
f 164/234/119 158/228/119 157/227/119 163/233/119
f 158/228/120 164/234/120 165/235/120 159/229/120
f 67/109/121 171/242/121 172/243/121 48/81/121
f 161/231/122 171/242/122 170/241/122 162/232/122
f 49/82/123 169/240/123 170/241/123 33/45/123
f 169/240/124 49/82/124 183/260/124 168/239/124
f 168/239/125 183/260/125 184/262/125 167/238/125
f 165/235/126 167/238/126 185/265/126 166/236/126
f 167/238/127 165/235/127 164/234/127 168/239/127
f 163/233/128 169/240/128 168/239/128 164/234/128
f 169/240/129 163/233/129 162/232/129 170/241/129
f 171/242/130 161/231/130 160/230/130 172/243/130
f 369/637/131 370/639/131 172/243/131 160/230/131
f 185/265/132 167/238/132 184/262/132
f 33/45/133 170/241/133 171/242/133 67/109/133
f 45/72/134 48/81/134 172/243/134 370/639/134
f 179/252/135 173/244/135 81/125/135 178/250/135
f 148/218/136 400/697/136 401/699/136 367/633/136
f 400/697/137 148/218/137 149/219/137 399/695/137
f 399/695/138 149/219/138 150/220/138 398/693/138
f 398/693/139 150/220/139 151/221/139 397/691/139
f 397/691/140 151/221/140 152/222/140 396/689/140
f 396/689/141 152/222/141 153/223/141 395/687/141
f 126/189/142 34/48/142 32/44/142 147/216/142
f 159/229/143 165/235/143 166/236/143 186/267/143
f 187/269/144 394/684/144 395/687/144 153/223/144
f 153/223/145 159/229/145 186/267/145 187/269/145
f 188/272/146 49/83/146 33/46/146 73/115/146
f 190/277/147 189/273/147 188/272/147
f 71/113/148 196/291/148 72/114/148
f 70/112/149 192/280/149 191/278/149 71/113/149
f 69/111/150 193/282/150 192/280/150 70/112/150
f 193/282/151 69/111/151 68/110/151 194/284/151
f 195/286/152 194/284/152 68/110/152 39/61/152
f 195/287/153 39/62/153 42/65/153 517/934/153 516/933/153 515/931/153
f 24/29/154 2/2/154 197/294/154 199/298/154
f 25/31/155 24/28/155 199/297/155 201/302/155
f 380/655/156 381/656/156 77/119/156 202/304/156
f 25/30/157 201/301/157 204/308/157 26/32/157
f 380/654/158 202/303/158 206/312/158 379/653/158
f 82/128/159 207/314/159 386/667/159 387/668/159
f 205/310/160 378/651/160 379/652/160 206/311/160
f 378/650/161 205/309/161 208/316/161 377/649/161
f 26/33/162 204/307/162 209/318/162 27/35/162
f 210/320/163 385/665/163 386/666/163 207/313/163
f 393/683/164 394/686/164 187/270/164 216/331/164
f 212/324/165 384/663/165 385/664/165 210/319/165
f 213/326/166 383/661/166 384/662/166 212/323/166
f 393/682/167 216/332/167 215/330/167 392/681/167
f 203/306/168 382/659/168 383/660/168 213/325/168
f 200/300/169 376/647/169 377/648/169 208/315/169
f 198/296/170 23/27/170 27/34/170 209/317/170
f 392/680/171 215/329/171 214/327/171 391/679/171
f 391/678/172 214/328/172 218/335/172 390/677/172
f 390/676/173 218/336/173 211/321/173 389/675/173
f 216/331/174 187/270/174 186/268/174 222/343/174
f 219/337/175 214/327/175 215/329/175 221/341/175
f 220/339/176 218/335/176 214/328/176 219/338/176
f 221/342/177 215/330/177 216/332/177 222/344/177
f 218/336/178 220/340/178 217/333/178 211/321/178
f 186/268/179 166/237/179 227/354/179 222/343/179
f 224/347/180 219/337/180 221/341/180 226/351/180
f 225/349/181 220/339/181 219/338/181 224/348/181
f 226/352/182 221/342/182 222/344/182 227/353/182
f 223/345/183 217/333/183 220/340/183 225/350/183
f 227/354/184 332/575/184 233/367/184
f 230/360/185 224/347/185 226/351/185 232/364/185
f 231/361/186 225/349/186 224/348/186 230/359/186
f 232/363/187 226/352/187 227/353/187 233/368/187
f 225/350/188 231/362/188 228/355/188 223/345/188
f 234/371/189 231/361/189 230/359/189 235/372/189
f 230/360/190 232/364/190 366/631/190 235/373/190
f 229/357/191 228/355/191 231/362/191 234/370/191
f 518/935/192 229/357/192 234/370/192 236/374/192 519/937/192
f 521/940/193 389/674/193 211/322/193 522/941/193 520/939/193
f 23/26/194 198/295/194 524/943/194 523/942/194 525/944/194 1156/2009/194
f 528/947/195 376/646/195 200/299/195 527/946/195 526/945/195
f 530/949/196 382/658/196 203/305/196 531/950/196 529/948/196
f 522/941/197 211/322/197 217/334/197 533/952/197 532/951/197 534/953/197
f 537/956/198 229/358/198 518/936/198 536/955/198 535/954/198
f 533/952/199 217/334/199 223/346/199 538/957/199 539/958/199
f 542/961/200 538/957/200 223/346/200 228/356/200 541/960/200 540/959/200
f 541/960/201 228/356/201 229/358/201 537/956/201 543/962/201
f 239/383/202 237/378/202 328/569/202 329/570/202
f 238/380/203 327/567/203 328/569/203 237/378/203
f 329/570/204 330/571/204 240/387/204 239/383/204
f 240/387/205 330/571/205 331/572/205 243/393/205
f 246/399/206 353/610/206 354/611/206 250/406/206
f 352/609/207 353/610/207 246/399/207 254/414/207
f 365/630/208 183/261/208 49/84/208
f 250/406/209 354/611/209 346/598/209 257/420/209
f 255/415/210 356/613/210 355/612/210 258/421/210
f 257/419/211 346/597/211 347/599/211 259/423/211
f 49/85/212 188/271/212 249/404/212 338/584/212
f 338/584/213 364/628/213 365/629/213 49/85/213
f 351/608/214 352/609/214 254/414/214 261/428/214
f 255/415/215 262/429/215 357/614/215 356/613/215
f 347/600/216 348/601/216 264/432/216 259/424/216
f 363/626/217 265/434/217 258/421/217 355/612/217
f 351/607/218 261/427/218 266/438/218 350/606/218
f 263/431/219 255/416/219 258/422/219
f 265/435/220 363/625/220 362/623/220 268/441/220
f 350/605/221 266/437/221 269/445/221 349/604/221
f 262/429/222 270/446/222 358/616/222 357/614/222
f 262/430/223 255/416/223 263/431/223
f 267/439/224 268/442/224 362/624/224 361/621/224
f 348/602/225 349/603/225 269/444/225 264/433/225
f 270/447/226 271/449/226 359/618/226 358/615/226
f 262/430/227 263/431/227 270/448/227
f 263/431/228 265/436/228 268/443/228
f 272/453/229 267/440/229 361/622/229 360/619/229
f 272/452/230 360/620/230 359/617/230 271/450/230
f 270/448/231 263/431/231 271/451/231
f 263/431/232 267/440/232 272/453/232 271/451/232
f 243/394/233 196/290/233 273/454/233
f 274/457/234 273/455/234 193/283/234
f 273/455/235 274/457/235 275/459/235 280/469/235
f 276/460/236 274/456/236 195/288/236 277/463/236
f 544/964/237 277/463/237 195/288/237 515/932/237
f 279/468/238 275/458/238 274/456/238 276/460/238
f 278/464/239 273/454/239 280/470/239 285/481/239
f 279/468/240 281/473/240 282/474/240 275/458/240
f 283/477/241 280/469/241 275/459/241 282/475/241
f 287/486/242 282/474/242 281/473/242 290/492/242
f 282/475/243 287/487/243 291/493/243 292/496/243
f 288/488/244 283/476/244 289/490/244 293/497/244
f 287/486/245 290/492/245 545/965/245 546/966/245 547/968/245
f 549/970/246 236/376/246 291/493/246 287/487/246 547/967/246 548/969/246
f 289/490/247 292/495/247 294/499/247 293/497/247
f 291/494/248 236/375/248 295/501/248 296/505/248
f 292/495/249 291/494/249 296/505/249 294/499/249
f 296/506/250 295/502/250 242/390/250 238/381/250
f 299/511/251 297/507/251 298/509/251 302/517/251
f 299/511/252 303/519/252 300/513/252 297/507/252
f 551/973/253 298/510/253 297/508/253 301/515/253 550/971/253
f 301/515/254 297/508/254 300/514/254 306/525/254
f 304/521/255 299/512/255 302/518/255 307/528/255
f 308/529/256 302/517/256 298/509/256 553/976/256 554/977/256 552/974/256 555/978/256
f 304/521/257 309/531/257 303/520/257 299/512/257
f 305/523/258 300/513/258 303/519/258 310/533/258
f 298/510/259 551/973/259 553/975/259
f 301/516/260 306/526/260 556/979/260 550/972/260
f 306/525/261 300/514/261 305/524/261 312/537/261
f 309/532/262 304/522/262 307/527/262 313/539/262
f 307/528/263 302/518/263 308/530/263 313/540/263
f 314/541/264 308/529/264 555/978/264 558/981/264 557/980/264
f 310/534/265 303/520/265 309/531/265 315/543/265
f 311/535/266 305/523/266 310/533/266 316/545/266
f 306/526/267 312/538/267 559/982/267 556/979/267
f 312/537/268 305/524/268 311/536/268 318/549/268
f 309/532/269 313/539/269 319/551/269 315/544/269
f 313/540/270 308/530/270 314/542/270 319/552/270
f 560/983/271 320/553/271 314/541/271 557/980/271
f 316/546/272 310/534/272 315/543/272 321/555/272
f 317/548/273 311/535/273 316/545/273 322/558/273
f 559/982/274 312/538/274 318/550/274 562/985/274 561/984/274
f 317/547/275 564/988/275 563/986/275 318/549/275 311/536/275
f 315/544/276 319/551/276 323/559/276 321/556/276
f 319/552/277 314/542/277 320/554/277 323/560/277
f 566/990/278 324/562/278 320/553/278 560/983/278 565/989/278
f 322/557/279 316/546/279 321/555/279 326/565/279
f 318/550/280 563/987/280 562/985/280
f 321/556/281 323/559/281 325/564/281 326/566/281
f 323/560/282 320/554/282 324/561/282 325/563/282
f 284/478/283 322/557/283 326/565/283 279/466/283
f 325/563/284 324/561/284 286/483/284 281/471/284
f 326/566/285 325/564/285 281/472/285 279/467/285
f 243/394/286 273/454/286 278/464/286
f 196/290/287 251/409/287 190/276/287
f 243/394/288 251/409/288 196/290/288
f 188/271/289 189/274/289 251/407/289 249/404/289
f 249/405/290 251/408/290 243/395/290 331/573/290
f 285/481/291 280/470/291 239/384/291
f 239/384/292 283/476/292 288/488/292
f 239/384/293 280/470/293 283/476/293
f 293/498/294 238/381/294 237/379/294 288/489/294
f 239/385/295 288/489/295 237/379/295
f 239/386/296 240/388/296 285/482/296
f 240/388/297 243/396/297 278/465/297 285/482/297
f 189/275/298 190/276/298 251/409/298
f 568/992/299 564/988/299 317/547/299 277/461/299 544/963/299 567/991/299
f 570/994/300 286/484/300 324/562/300 566/990/300 569/993/300
f 322/558/301 284/479/301 277/462/301 317/548/301
f 279/468/302 276/460/302 284/480/302
f 290/492/303 281/473/303 286/485/303
f 286/485/304 570/995/304 545/965/304 290/492/304
f 276/460/305 277/463/305 284/480/305
f 263/431/306 258/422/306 265/436/306
f 263/431/307 268/443/307 267/440/307
f 236/376/308 571/996/308 519/938/308
f 236/376/309 549/970/309 572/997/309
f 236/376/310 573/998/310 571/996/310
f 236/376/311 572/997/311 574/999/311 573/998/311
f 234/371/312 235/372/312 295/503/312 236/377/312
f 242/391/313 295/504/313 235/373/313 366/631/313
f 238/381/314 293/498/314 294/500/314 296/506/314
f 334/579/315 328/569/315 327/567/315 333/577/315
f 335/580/316 329/570/316 328/569/316 334/579/316
f 330/571/317 329/570/317 335/580/317 336/581/317
f 331/572/318 330/571/318 336/581/318 337/582/318
f 331/573/319 337/583/319 338/585/319 249/405/319
f 339/586/320 233/369/320 332/574/320
f 333/578/321 232/366/321 340/588/321 341/590/321
f 342/592/322 334/579/322 333/577/322 341/591/322
f 334/579/323 342/592/323 343/593/323 335/580/323
f 336/581/324 335/580/324 343/593/324 344/594/324
f 337/582/325 336/581/325 344/594/325 345/595/325
f 337/583/326 345/596/326 364/627/326 338/585/326
f 340/589/327 339/586/327 256/417/327 247/401/327
f 341/590/328 340/588/328 247/400/328 248/402/328
f 244/397/329 342/592/329 341/591/329 248/403/329
f 342/592/330 244/397/330 241/389/330 343/593/330
f 344/594/331 343/593/331 241/389/331 245/398/331
f 345/595/332 344/594/332 245/398/332 253/412/332
f 248/402/333 247/400/333 347/599/333 346/597/333
f 348/601/334 347/600/334 247/401/334 256/417/334
f 349/603/335 348/602/335 256/418/335 260/426/335
f 252/411/336 350/605/336 349/604/336 260/425/336
f 253/413/337 351/607/337 350/606/337 252/410/337
f 253/412/338 245/398/338 352/609/338 351/608/338
f 245/398/339 241/389/339 353/610/339 352/609/339
f 353/610/340 241/389/340 244/397/340 354/611/340
f 354/611/341 244/397/341 248/403/341 346/598/341
f 363/625/342 257/419/342 259/423/342 362/623/342
f 259/424/343 264/432/343 361/621/343 362/624/343
f 360/619/344 361/622/344 264/433/344 269/444/344
f 266/437/345 359/617/345 360/620/345 269/445/345
f 261/427/346 358/615/346 359/618/346 266/438/346
f 261/428/347 254/414/347 357/614/347 358/616/347
f 254/414/348 246/399/348 356/613/348 357/614/348
f 356/613/349 246/399/349 250/406/349 355/612/349
f 355/612/350 250/406/350 257/420/350 363/626/350
f 345/596/351 253/413/351 252/410/351 364/627/351
f 364/628/352 252/411/352 260/425/352 365/629/352
f 339/587/353 365/630/353 260/426/353 256/418/353
f 233/369/354 339/586/354 340/589/354 232/365/354
f 366/632/355 232/366/355 333/578/355 327/568/355
f 238/382/356 242/392/356 366/632/356 327/568/356
f 227/354/357 166/237/357 332/575/357
f 332/575/358 166/237/358 185/266/358
f 184/263/359 332/575/359 185/266/359
f 332/576/360 184/264/360 183/261/360
f 183/261/361 365/630/361 339/587/361 332/576/361
f 191/278/362 196/291/362 71/113/362
f 72/114/363 196/291/363 190/277/363
f 192/281/364 273/455/364 191/279/364
f 194/285/365 195/289/365 274/457/365
f 193/283/366 194/285/366 274/457/366
f 193/283/367 273/455/367 192/281/367
f 191/279/368 273/455/368 196/292/368
f 138/204/369 137/203/369 81/125/369 371/641/369
f 371/641/370 81/125/370 173/244/370 372/642/370
f 372/642/371 173/244/371 174/245/371 373/643/371
f 373/643/372 174/245/372 175/246/372 374/644/372
f 374/644/373 175/246/373 176/247/373 375/645/373
f 375/645/374 176/247/374 387/669/374 77/120/374
f 524/943/375 198/295/375 376/646/375 528/947/375
f 376/647/376 198/296/376 209/317/376 377/648/376
f 204/307/377 378/650/377 377/649/377 209/318/377
f 378/651/378 204/308/378 201/301/378 379/652/378
f 199/297/379 380/654/379 379/653/379 201/302/379
f 199/298/380 197/294/380 381/656/380 380/655/380
f 527/946/381 200/299/381 382/658/381 530/949/381 575/1000/381
f 208/315/382 383/660/382 382/659/382 200/300/382
f 205/309/383 384/662/383 383/661/383 208/316/383
f 206/311/384 385/664/384 384/663/384 205/310/384
f 202/303/385 386/666/385 385/665/385 206/312/385
f 202/304/386 77/119/386 387/668/386 386/667/386
f 128/194/387 375/645/387 77/120/387 381/657/387
f 82/126/388 387/669/388 176/247/388 182/258/388
f 6/7/389 476/849/389 80/124/389
f 190/277/390 188/272/390 73/115/390 72/114/390
f 577/1002/391 531/950/391 203/305/391 389/674/391 521/940/391 576/1001/391
f 389/675/392 203/306/392 213/325/392 390/676/392
f 390/677/393 213/326/393 212/323/393 391/678/393
f 391/679/394 212/324/394 210/319/394 392/680/394
f 392/681/395 210/320/395 207/313/395 393/682/395
f 207/314/396 82/128/396 394/686/396 393/683/396
f 182/259/397 403/707/397 402/703/397 82/127/397
f 394/685/398 402/704/398 403/706/398 395/688/398
f 394/686/399 82/128/399 402/705/399
f 395/688/400 403/706/400 404/708/400 396/690/400
f 181/257/401 404/709/401 403/707/401 182/259/401
f 396/690/402 404/708/402 405/710/402 397/692/402
f 180/255/403 405/711/403 404/709/403 181/257/403
f 397/692/404 405/710/404 406/713/404 398/694/404
f 179/253/405 406/712/405 405/711/405 180/255/405
f 178/251/406 407/715/406 406/712/406 179/253/406
f 398/694/407 406/713/407 407/714/407 399/696/407
f 399/696/408 407/714/408 408/716/408 400/698/408
f 177/249/409 408/717/409 407/715/409 178/251/409
f 400/698/410 408/716/410 409/718/410 401/700/410
f 177/249/411 126/190/411 409/719/411 408/717/411
f 83/129/412 388/670/412 85/132/412 88/136/412
f 420/743/413 452/806/413 472/843/413 473/844/413
f 428/759/414 422/747/414 411/724/414 427/757/414
f 35/51/415 438/780/415 412/726/415 413/728/415
f 419/742/416 450/802/416 464/829/416 465/830/416
f 426/755/417 416/734/417 415/732/417 425/753/417
f 427/757/418 411/724/418 416/734/418 426/755/418
f 425/753/419 415/732/419 417/736/419 424/751/419
f 453/808/420 454/810/420 413/728/420 412/726/420
f 468/836/421 469/837/421 414/730/421 451/804/421
f 429/762/422 421/745/422 422/747/422 428/759/422
f 432/768/423 434/772/423 423/749/423 421/745/423
f 411/725/424 422/748/424 90/140/424 94/145/424
f 412/727/425 438/781/425 110/169/425 114/174/425
f 415/733/426 416/735/426 98/151/426 102/159/426
f 416/735/427 411/725/427 94/145/427 98/151/427
f 417/737/428 415/733/428 102/159/428 106/164/428
f 453/807/429 412/727/429 114/174/429 85/133/429
f 118/179/430 437/778/430 435/775/430
f 422/748/431 421/746/431 118/179/431 90/140/431
f 436/776/432 44/69/432 122/184/432
f 433/771/433 430/764/433 431/765/433
f 423/749/434 434/772/434 410/721/434
f 118/179/435 410/723/435 437/778/435
f 424/751/436 417/736/436 438/780/436 35/51/436
f 438/781/437 417/737/437 106/164/437 110/169/437
f 436/776/438 122/184/438 435/775/438
f 56/97/439 424/752/439 35/52/439
f 424/752/440 56/97/440 55/95/440 425/754/440
f 425/754/441 55/95/441 47/79/441 426/756/441
f 426/756/442 47/79/442 52/91/442 427/758/442
f 427/758/443 52/91/443 46/77/443 428/760/443
f 428/760/444 46/77/444 50/87/444 429/761/444
f 429/761/445 50/87/445 51/89/445 430/763/445
f 430/763/446 51/89/446 45/73/446 431/766/446
f 421/745/447 433/771/447 432/768/447
f 431/767/448 45/74/448 442/789/448 433/770/448
f 434/773/449 444/795/449 410/722/449
f 434/773/450 432/769/450 443/791/450 444/795/450
f 443/791/451 432/769/451 433/770/451 442/789/451
f 36/55/452 44/70/452 436/777/452 439/782/452
f 440/784/453 439/782/453 436/777/453 435/774/453
f 440/784/454 435/774/454 437/779/454 441/788/454
f 410/722/455 441/788/455 437/779/455
f 454/809/456 455/811/456 445/796/456 413/729/456
f 414/731/457 469/838/457 470/839/457 447/798/457
f 446/797/458 419/741/458 465/831/458 466/832/458
f 420/744/459 473/845/459 474/846/459 448/799/459
f 413/729/460 445/796/460 43/66/460 35/53/460
f 418/738/461 453/807/461 85/133/461 388/671/461
f 450/802/462 454/810/462 453/808/462
f 455/811/463 454/809/463 419/741/463 446/797/463
f 418/739/464 388/672/464 456/812/464 450/801/464
f 450/801/465 456/812/465 463/826/465 464/828/465
f 451/803/466 457/814/466 467/833/466 468/835/466
f 471/840/467 472/842/467 452/805/467 458/816/467
f 450/802/468 453/808/468 418/740/468
f 450/802/469 419/742/469 454/810/469
f 441/786/470 444/793/470 462/824/470 461/822/470
f 460/820/471 401/702/471 126/191/471 459/818/471
f 459/818/472 461/822/472 462/824/472 460/820/472
f 441/787/473 461/823/473 440/785/473
f 439/783/474 440/785/474 461/823/474 147/217/474
f 462/825/475 444/794/475 443/792/475
f 368/636/476 367/634/476 460/821/476 462/825/476
f 441/788/477 410/722/477 444/795/477
f 442/790/478 370/640/478 369/638/478
f 442/790/479 45/75/479 370/640/479
f 460/821/480 367/634/480 401/701/480
f 368/636/481 443/792/481 442/790/481 369/638/481
f 126/191/482 401/702/482 409/720/482
f 439/783/483 147/217/483 36/56/483
f 126/192/484 147/217/484 459/819/484
f 443/792/485 368/636/485 462/825/485
f 147/217/486 461/823/486 459/819/486
f 429/762/487 430/764/487 433/771/487 421/745/487
f 118/179/488 435/775/488 122/184/488
f 423/750/489 410/723/489 118/179/489
f 423/750/490 118/179/490 421/746/490
f 464/828/491 463/826/491 457/814/491 451/803/491
f 451/804/492 414/730/492 465/830/492 464/829/492
f 465/831/493 414/731/493 447/798/493 466/832/493
f 468/835/494 467/833/494 458/816/494 452/805/494
f 452/806/495 420/743/495 469/837/495 468/836/495
f 469/838/496 420/744/496 448/799/496 470/839/496
f 31/43/497 30/41/497 472/842/497 471/840/497
f 473/844/498 472/843/498 30/40/498 29/38/498
f 473/845/499 29/39/499 449/800/499 474/846/499
f 78/121/500 475/847/500 79/123/500
f 6/7/501 28/37/501 476/849/501
f 80/124/502 476/849/502 89/137/502
f 477/851/503 80/124/503 89/137/503
f 475/848/504 463/827/504 456/813/504 83/130/504
f 78/122/505 457/815/505 463/827/505 475/848/505
f 477/852/506 467/834/506 457/815/506 78/122/506
f 89/138/507 458/817/507 467/834/507 477/852/507
f 476/850/508 471/841/508 458/817/508 89/138/508
f 28/36/509 31/42/509 471/841/509 476/850/509
f 388/673/510 83/130/510 456/813/510
f 479/857/511 1056/1862/511 1059/1868/511 1058/1865/511 1057/1864/511 1055/1858/511 608/1047/511 478/853/511 480/858/511 481/861/511 482/862/511
f 1055/1860/511 31/43/511 28/36/511 1056/1861/511
f 478/854/511 608/1048/511 605/1039/511 479/855/511
f 6/7/511 1/1/511 578/1003/511 583/1009/511 605/1038/511 28/37/511
f 608/1048/511 1055/1860/511 1056/1861/511 479/855/511 605/1039/511
f 29/39/511 30/41/511 31/43/511 1055/1858/511 608/1046/511 607/1043/511 606/1040/511 1026/1805/511 449/800/511
f 491/882/512 492/884/512 500/901/512 501/903/512
f 494/889/513 493/887/513 505/911/513 506/913/513
f 496/893/514 495/891/514 510/921/514 511/923/514
f 486/871/515 492/884/515 491/882/515 483/864/515
f 514/930/516 510/922/516 495/892/516 497/896/516
f 509/920/517 505/912/517 493/888/517 498/898/517
f 500/902/518 492/885/518 499/899/518 504/910/518
f 513/927/519 487/874/519 485/870/519 512/926/519
f 508/917/520 488/876/520 484/868/520 507/916/520
f 483/865/521 502/906/521 503/907/521 489/878/521
f 489/878/522 490/880/522 486/872/522 483/865/522
f 491/883/523 501/904/523 502/905/523 483/866/523
f 484/867/524 494/890/524 506/914/524 507/915/524
f 485/869/525 496/894/525 511/924/525 512/925/525
f 487/875/526 513/928/526 514/929/526 497/895/526
f 508/918/527 509/919/527 498/897/527 488/877/527
f 499/900/528 489/879/528 503/908/528 504/909/528
f 486/873/529 499/900/529 492/886/529
f 490/881/530 489/879/530 499/900/530 486/873/530
f 501/903/531 500/901/531 493/887/531 494/889/531
f 502/905/532 501/904/532 494/890/532 484/867/532
f 488/876/533 503/907/533 502/906/533 484/868/533
f 504/909/534 503/908/534 488/877/534 498/897/534
f 500/902/535 504/910/535 498/898/535 493/888/535
f 506/913/536 505/911/536 495/891/536 496/893/536
f 507/915/537 506/914/537 496/894/537 485/869/537
f 487/874/538 508/917/538 507/916/538 485/870/538
f 509/919/539 508/918/539 487/875/539 497/895/539
f 505/912/540 509/920/540 497/896/540 495/892/540
f 511/923/541 510/921/541 481/860/541 480/858/541
f 478/853/542 512/925/542 511/924/542 480/859/542
f 512/926/543 478/854/543 479/856/543 513/927/543
f 513/928/544 479/857/544 482/862/544 514/929/544
f 510/922/545 514/930/545 482/863/545 481/861/545
f 283/477/546 282/475/546 292/496/546 289/491/546
f 578/1003/547 584/1010/547 663/1139/547 651/1121/547
f 584/1010/548 591/1018/548 692/1180/548 663/1139/548
f 590/1017/549 589/1016/549 684/1170/549 688/1175/549
f 588/1015/550 587/1013/550 676/1157/550 680/1165/550
f 587/1014/551 586/1012/551 672/1151/551 676/1158/551
f 668/1146/552 672/1151/552 586/1012/552 585/1011/552
f 624/1083/553 629/1095/553 635/1104/553 630/1097/553
f 696/1185/554 668/1146/554 585/1011/554 592/1019/554
f 623/1081/555 627/1091/555 637/1106/555 636/1105/555
f 622/1076/556 625/1085/556 638/1107/556 628/1093/556
f 945/1640/557 731/1229/557 737/1235/557 946/1642/557
f 580/1006/558 599/1027/558 723/1220/558 652/1122/558
f 599/1027/559 598/1025/559 720/1217/559 723/1220/559
f 754/1253/560 703/1193/560 611/1052/560 714/1208/560
f 598/1026/561 597/1024/561 717/1211/561 720/1216/561
f 755/1255/562 754/1253/562 714/1208/562 658/1130/562
f 713/1207/563 717/1211/563 597/1024/563 581/1007/563
f 617/1068/564 620/1072/564 612/1054/564 614/1062/564
f 614/1062/565 615/1064/565 618/1069/565 617/1068/565
f 616/1067/566 619/1070/566 618/1069/566 615/1064/566
f 638/1107/567 637/1106/567 627/1091/567 628/1093/567
f 636/1105/568 635/1104/568 629/1095/568 623/1081/568
f 632/1099/569 624/1083/569 630/1097/569 634/1103/569
f 646/1116/570 645/1115/570 639/1108/570 631/1098/570
f 633/1101/571 632/1099/571 634/1103/571
f 614/1063/572 612/1055/572 633/1101/572
f 634/1103/573 639/1108/573 615/1065/573 614/1063/573
f 641/1110/574 640/1109/574 635/1104/574 636/1105/574
f 642/1111/575 641/1110/575 636/1105/575 637/1106/575
f 638/1107/576 643/1112/576 642/1111/576 637/1106/576
f 625/1085/577 644/1113/577 643/1112/577 638/1107/577
f 616/1066/578 615/1065/578 639/1108/578 645/1115/578
f 640/1109/579 641/1110/579 648/1118/579 647/1117/579
f 642/1111/580 649/1119/580 648/1118/580 641/1110/580
f 649/1119/581 642/1111/581 643/1112/581 650/1120/581
f 644/1113/582 610/1051/582 650/1120/582 643/1112/582
f 614/1063/583 633/1101/583 634/1103/583
f 631/1098/584 640/1109/584 647/1117/584 646/1116/584
f 630/1097/585 635/1104/585 640/1109/585 631/1098/585
f 631/1098/586 639/1108/586 634/1103/586 630/1097/586
f 689/1176/587 685/1171/587 686/1172/587 690/1177/587
f 693/1181/588 664/1140/588 663/1139/588 692/1180/588
f 685/1171/589 689/1176/589 688/1175/589 684/1170/589
f 681/1166/590 685/1171/590 684/1170/590 680/1165/590
f 677/1159/591 681/1166/591 680/1165/591 676/1157/591
f 673/1152/592 677/1160/592 676/1158/592 672/1151/592
f 669/1147/593 673/1152/593 672/1151/593 668/1146/593
f 701/1191/594 697/1186/594 696/1185/594 700/1190/594
f 653/1123/595 701/1191/595 700/1190/595 652/1122/595
f 722/1219/596 653/1123/596 652/1122/596 723/1220/596
f 710/1204/597 712/1206/597 713/1207/597 711/1205/597
f 704/1198/598 774/1298/598 958/1662/598 705/1199/598
f 582/1008/599 579/1004/599 774/1298/599 704/1198/599
f 664/1140/600 693/1181/600 694/1182/600 665/1141/600
f 685/1171/601 681/1166/601 682/1167/601 686/1172/601
f 681/1166/602 677/1159/602 678/1162/602 682/1167/602
f 677/1160/603 673/1152/603 674/1153/603 678/1161/603
f 670/1148/604 674/1153/604 673/1152/604 669/1147/604
f 697/1186/605 701/1191/605 702/1192/605 698/1187/605
f 701/1191/606 653/1123/606 661/1136/606 702/1192/606
f 721/1218/607 661/1136/607 653/1123/607 722/1219/607
f 651/1121/608 657/1129/608 583/1009/608 578/1003/608
f 694/1182/609 690/1177/609 687/1173/609 691/1178/609
f 686/1172/610 682/1167/610 679/1163/610 683/1168/610
f 678/1161/611 674/1153/611 671/1149/611 675/1154/611
f 674/1153/612 670/1148/612 667/1144/612 671/1149/612
f 670/1148/613 698/1187/613 695/1183/613 667/1144/613
f 702/1192/614 661/1136/614 621/1073/614 699/1188/614
f 621/1073/615 609/1049/615 724/1221/615 613/1059/615
f 661/1136/616 721/1218/616 609/1049/616 621/1073/616
f 721/1218/617 718/1213/617 611/1053/617 609/1049/617
f 718/1212/618 715/1209/618 714/1208/618 611/1052/618
f 657/1129/619 651/1121/619 656/1128/619 655/1126/619
f 656/1128/620 660/1134/620 1052/1852/620
f 664/1140/621 656/1128/621 651/1121/621 663/1139/621
f 665/1141/622 660/1134/622 656/1128/622 664/1140/622
f 655/1126/623 1054/1856/623 657/1129/623
f 682/1167/624 678/1162/624 675/1155/624 679/1163/624
f 589/1016/625 588/1015/625 680/1165/625 684/1170/625
f 688/1175/626 692/1180/626 591/1018/626 590/1017/626
f 690/1177/627 694/1182/627 693/1181/627 689/1176/627
f 689/1176/628 693/1181/628 692/1180/628 688/1175/628
f 690/1177/629 686/1172/629 683/1168/629 687/1173/629
f 665/1141/630 694/1182/630 691/1178/630 662/1137/630
f 592/1019/631 593/1020/631 700/1190/631 696/1185/631
f 697/1186/632 669/1147/632 668/1146/632 696/1185/632
f 698/1187/633 670/1148/633 669/1147/633 697/1186/633
f 593/1020/634 580/1006/634 652/1122/634 700/1190/634
f 698/1187/635 702/1192/635 699/1188/635 695/1183/635
f 734/1232/636 733/1231/636 727/1225/636 728/1226/636
f 704/1198/637 707/1201/637 594/1021/637 582/1008/637
f 759/1263/638 758/1261/638 752/1251/638 753/1252/638
f 952/1650/639 951/1649/639 706/1200/639 705/1199/639
f 705/1199/640 706/1200/640 707/1201/640 704/1198/640
f 758/1261/641 757/1259/641 751/1250/641 752/1251/641
f 708/1202/642 706/1200/642 951/1649/642 950/1648/642
f 706/1200/643 708/1202/643 709/1203/643 707/1201/643
f 595/1022/644 594/1021/644 707/1201/644 709/1203/644
f 757/1259/645 756/1257/645 750/1249/645 751/1250/645
f 950/1648/646 949/1647/646 710/1204/646 708/1202/646
f 708/1202/647 710/1204/647 711/1205/647 709/1203/647
f 596/1023/648 595/1022/648 709/1203/648 711/1205/648
f 949/1647/649 948/1646/649 712/1206/649 710/1204/649
f 581/1007/650 596/1023/650 711/1205/650 713/1207/650
f 716/1210/651 712/1206/651 948/1646/651 715/1209/651
f 712/1206/652 716/1210/652 717/1211/652 713/1207/652
f 719/1214/653 716/1210/653 715/1209/653 718/1212/653
f 716/1210/654 719/1214/654 720/1216/654 717/1211/654
f 722/1219/655 719/1215/655 718/1213/655 721/1218/655
f 719/1215/656 722/1219/656 723/1220/656 720/1217/656
f 944/1638/657 725/1223/657 731/1229/657 945/1640/657
f 725/1223/658 726/1224/658 732/1230/658 731/1229/658
f 726/1224/659 727/1225/659 733/1231/659 732/1230/659
f 728/1226/660 729/1227/660 735/1233/660 734/1232/660
f 736/1234/661 735/1233/661 729/1227/661 730/1228/661
f 731/1229/662 732/1230/662 738/1236/662 737/1235/662
f 739/1237/663 738/1236/663 732/1230/663 733/1231/663
f 733/1231/664 734/1232/664 740/1238/664 739/1237/664
f 741/1239/665 740/1238/665 734/1232/665 735/1233/665
f 735/1233/666 736/1234/666 742/1240/666 741/1239/666
f 644/1114/667 625/1086/667 749/1248/667 748/1247/667
f 738/1236/668 739/1237/668 747/1246/668 748/1247/668
f 626/1087/669 610/1050/669 747/1246/669 746/1245/669
f 746/1245/670 745/1244/670 760/1265/670 626/1087/670
f 745/1244/671 744/1243/671 761/1267/671 760/1265/671
f 742/1240/672 743/1241/672 762/1270/672 744/1243/672
f 744/1243/673 745/1244/673 741/1239/673 742/1240/673
f 740/1238/674 741/1239/674 745/1244/674 746/1245/674
f 746/1245/675 747/1246/675 739/1237/675 740/1238/675
f 748/1247/676 749/1248/676 737/1235/676 738/1236/676
f 946/1642/677 737/1235/677 749/1248/677 947/1644/677
f 762/1270/678 761/1267/678 744/1243/678
f 610/1050/679 644/1114/679 748/1247/679 747/1246/679
f 622/1077/680 947/1644/680 749/1248/680 625/1086/680
f 756/1257/681 755/1255/681 658/1130/681 750/1249/681
f 725/1223/682 944/1638/682 978/1704/682 977/1702/682
f 977/1702/683 976/1700/683 726/1224/683 725/1223/683
f 976/1700/684 975/1698/684 727/1225/684 726/1224/684
f 975/1698/685 974/1696/685 728/1226/685 727/1225/685
f 974/1696/686 973/1694/686 729/1227/686 728/1226/686
f 973/1694/687 972/1692/687 730/1228/687 729/1227/687
f 703/1194/688 724/1221/688 609/1049/688 611/1053/688
f 736/1234/689 763/1272/689 743/1241/689 742/1240/689
f 764/1274/690 730/1228/690 972/1692/690 971/1689/690
f 730/1228/691 764/1274/691 763/1272/691 736/1234/691
f 765/1277/692 650/1120/692 610/1051/692 626/1088/692
f 767/1282/693 765/1277/693 766/1278/693
f 648/1118/694 649/1119/694 773/1296/694
f 647/1117/695 648/1118/695 768/1283/695 769/1285/695
f 646/1116/696 647/1117/696 769/1285/696 770/1287/696
f 770/1287/697 771/1289/697 645/1115/697 646/1116/697
f 772/1291/698 616/1066/698 645/1115/698 771/1289/698
f 772/1292/699 1092/1936/699 1093/1938/699 1094/1939/699 619/1070/699 616/1067/699
f 601/1030/700 776/1303/700 774/1299/700 579/1005/700
f 602/1032/701 778/1307/701 776/1302/701 601/1031/701
f 957/1660/702 779/1309/702 654/1124/702 958/1661/702
f 602/1033/703 603/1034/703 781/1313/703 778/1306/703
f 957/1659/704 956/1658/704 783/1317/704 779/1308/704
f 659/1133/705 964/1673/705 963/1672/705 784/1319/705
f 782/1315/706 783/1316/706 956/1657/706 955/1656/706
f 955/1655/707 954/1654/707 785/1321/707 782/1314/707
f 603/1035/708 604/1036/708 786/1323/708 781/1312/708
f 787/1325/709 784/1318/709 963/1671/709 962/1670/709
f 970/1688/710 793/1336/710 764/1275/710 971/1691/710
f 789/1329/711 787/1324/711 962/1669/711 961/1668/711
f 790/1331/712 789/1328/712 961/1667/712 960/1666/712
f 970/1687/713 969/1686/713 792/1335/713 793/1337/713
f 780/1311/714 790/1330/714 960/1665/714 959/1664/714
f 777/1305/715 785/1320/715 954/1653/715 953/1652/715
f 775/1301/716 786/1322/716 604/1037/716 600/1028/716
f 969/1685/717 968/1684/717 791/1332/717 792/1334/717
f 968/1683/718 967/1682/718 795/1340/718 791/1333/718
f 967/1681/719 966/1680/719 788/1326/719 795/1341/719
f 793/1336/720 799/1348/720 763/1273/720 764/1275/720
f 796/1342/721 798/1346/721 792/1334/721 791/1332/721
f 797/1344/722 796/1343/722 791/1333/722 795/1340/722
f 798/1347/723 799/1349/723 793/1337/723 792/1335/723
f 795/1341/724 788/1326/724 794/1338/724 797/1345/724
f 763/1273/725 799/1348/725 804/1359/725 743/1242/725
f 801/1352/726 803/1356/726 798/1346/726 796/1342/726
f 802/1354/727 801/1353/727 796/1343/727 797/1344/727
f 803/1357/728 804/1358/728 799/1349/728 798/1347/728
f 800/1350/729 802/1355/729 797/1345/729 794/1338/729
f 804/1359/730 810/1372/730 909/1580/730
f 807/1365/731 809/1369/731 803/1356/731 801/1352/731
f 808/1366/732 807/1364/732 801/1353/732 802/1354/732
f 809/1368/733 810/1373/733 804/1358/733 803/1357/733
f 802/1355/734 800/1350/734 805/1360/734 808/1367/734
f 811/1376/735 812/1377/735 807/1364/735 808/1366/735
f 807/1365/736 812/1378/736 943/1636/736 809/1369/736
f 806/1362/737 811/1375/737 808/1367/737 805/1360/737
f 1095/1940/738 1096/1942/738 813/1379/738 811/1375/738 806/1362/738
f 1098/1945/739 1097/1944/739 1099/1946/739 788/1327/739 966/1679/739
f 1102/1949/740 1103/1950/740 1100/1947/740 1101/1948/740 775/1300/740 600/1029/740
f 1106/1953/741 1104/1951/741 1105/1952/741 777/1304/741 953/1651/741
f 1108/1955/742 1107/1954/742 1109/1956/742 780/1310/742 959/1663/742
f 1099/1946/743 1112/1959/743 1110/1957/743 1111/1958/743 794/1339/743 788/1327/743
f 1115/1962/744 1113/1960/744 1114/1961/744 1095/1941/744 806/1363/744
f 1111/1958/745 1117/1964/745 1116/1963/745 800/1351/745 794/1339/745
f 1120/1967/746 1118/1965/746 1119/1966/746 805/1361/746 800/1351/746 1116/1963/746
f 1119/1966/747 1121/1968/747 1115/1962/747 806/1363/747 805/1361/747
f 816/1388/748 906/1575/748 905/1574/748 814/1383/748
f 815/1385/749 814/1383/749 905/1574/749 904/1572/749
f 906/1575/750 816/1388/750 817/1392/750 907/1576/750
f 817/1392/751 820/1398/751 908/1577/751 907/1576/751
f 823/1404/752 827/1411/752 931/1616/752 930/1615/752
f 929/1614/753 831/1419/753 823/1404/753 930/1615/753
f 942/1635/754 626/1089/754 760/1266/754
f 827/1411/755 834/1425/755 923/1603/755 931/1616/755
f 832/1420/756 835/1426/756 932/1617/756 933/1618/756
f 834/1424/757 836/1428/757 924/1604/757 923/1602/757
f 626/1090/758 915/1589/758 826/1409/758 765/1276/758
f 915/1589/759 626/1090/759 942/1634/759 941/1633/759
f 928/1613/760 838/1433/760 831/1419/760 929/1614/760
f 832/1420/761 933/1618/761 934/1619/761 839/1434/761
f 924/1605/762 836/1429/762 841/1437/762 925/1606/762
f 940/1631/763 932/1617/763 835/1426/763 842/1439/763
f 928/1612/764 927/1611/764 843/1443/764 838/1432/764
f 840/1436/765 835/1427/765 832/1421/765
f 842/1440/766 845/1446/766 939/1628/766 940/1630/766
f 927/1610/767 926/1609/767 846/1450/767 843/1442/767
f 839/1434/768 934/1619/768 935/1621/768 847/1451/768
f 839/1435/769 840/1436/769 832/1421/769
f 844/1444/770 938/1626/770 939/1629/770 845/1447/770
f 925/1607/771 841/1438/771 846/1449/771 926/1608/771
f 847/1452/772 935/1620/772 936/1623/772 848/1454/772
f 839/1435/773 847/1453/773 840/1436/773
f 840/1436/774 845/1448/774 842/1441/774
f 849/1458/775 937/1624/775 938/1627/775 844/1445/775
f 849/1457/776 848/1455/776 936/1622/776 937/1625/776
f 847/1453/774 848/1456/774 840/1436/774
f 840/1436/777 848/1456/777 849/1458/777 844/1445/777
f 820/1399/778 850/1459/778 773/1295/778
f 851/1462/779 770/1288/779 850/1460/779
f 850/1460/780 857/1474/780 852/1464/780 851/1462/780
f 853/1465/781 854/1468/781 772/1293/781 851/1461/781
f 1122/1970/782 1092/1937/782 772/1293/782 854/1468/782
f 856/1473/783 853/1465/783 851/1461/783 852/1463/783
f 855/1469/784 862/1486/784 857/1475/784 850/1459/784
f 856/1473/785 852/1463/785 859/1479/785 858/1478/785
f 860/1482/786 859/1480/786 852/1464/786 857/1474/786
f 864/1491/787 867/1497/787 858/1478/787 859/1479/787
f 859/1480/788 869/1501/788 868/1498/788 864/1492/788
f 865/1493/789 870/1502/789 866/1495/789 860/1481/789
f 864/1491/790 1125/1974/790 1124/1972/790 1123/1971/790 867/1497/790
f 1127/1976/791 1126/1975/791 1125/1973/791 864/1492/791 868/1498/791 813/1381/791
f 866/1495/792 870/1502/792 871/1504/792 869/1500/792
f 868/1499/793 873/1510/793 872/1506/793 813/1380/793
f 869/1500/794 871/1504/794 873/1510/794 868/1499/794
f 873/1511/795 815/1386/795 819/1395/795 872/1507/795
f 876/1516/796 879/1522/796 875/1514/796 874/1512/796
f 876/1516/797 874/1512/797 877/1518/797 880/1524/797
f 1129/1979/798 1128/1977/798 878/1520/798 874/1513/798 875/1515/798
f 878/1520/799 883/1530/799 877/1519/799 874/1513/799
f 881/1526/800 884/1533/800 879/1523/800 876/1517/800
f 885/1534/801 1133/1984/801 1130/1980/801 1132/1983/801 1131/1982/801 875/1514/801 879/1522/801
f 881/1526/802 876/1517/802 880/1525/802 886/1536/802
f 882/1528/803 887/1538/803 880/1524/803 877/1518/803
f 875/1515/804 1131/1981/804 1129/1979/804
f 878/1521/805 1128/1978/805 1134/1985/805 883/1531/805
f 883/1530/806 889/1542/806 882/1529/806 877/1519/806
f 886/1537/807 890/1544/807 884/1532/807 881/1527/807
f 884/1533/808 890/1545/808 885/1535/808 879/1523/808
f 891/1546/809 1135/1986/809 1136/1987/809 1133/1984/809 885/1534/809
f 887/1539/810 892/1548/810 886/1536/810 880/1525/810
f 888/1540/811 893/1550/811 887/1538/811 882/1528/811
f 883/1531/812 1134/1985/812 1137/1988/812 889/1543/812
f 889/1542/813 895/1554/813 888/1541/813 882/1529/813
f 886/1537/814 892/1549/814 896/1556/814 890/1544/814
f 890/1545/815 896/1557/815 891/1547/815 885/1535/815
f 1138/1989/816 1135/1986/816 891/1546/816 897/1558/816
f 893/1551/817 898/1560/817 892/1548/817 887/1539/817
f 894/1553/818 899/1563/818 893/1550/818 888/1540/818
f 1137/1988/819 1139/1990/819 1140/1991/819 895/1555/819 889/1543/819
f 894/1552/820 888/1541/820 895/1554/820 1141/1992/820 1142/1994/820
f 892/1549/821 898/1561/821 900/1564/821 896/1556/821
f 896/1557/822 900/1565/822 897/1559/822 891/1547/822
f 1144/1996/823 1143/1995/823 1138/1989/823 897/1558/823 901/1567/823
f 899/1562/824 903/1570/824 898/1560/824 893/1551/824
f 895/1555/825 1140/1991/825 1141/1993/825
f 898/1561/826 903/1571/826 902/1569/826 900/1564/826
f 900/1565/827 902/1568/827 901/1566/827 897/1559/827
f 861/1483/828 856/1471/828 903/1570/828 899/1562/828
f 902/1568/829 858/1476/829 863/1488/829 901/1566/829
f 903/1571/830 856/1472/830 858/1477/830 902/1569/830
f 820/1399/831 855/1469/831 850/1459/831
f 773/1295/832 767/1281/832 828/1414/832
f 820/1399/833 773/1295/833 828/1414/833
f 765/1276/834 826/1409/834 828/1412/834 766/1279/834
f 826/1410/835 908/1578/835 820/1400/835 828/1413/835
f 862/1486/836 816/1389/836 857/1475/836
f 816/1389/837 865/1493/837 860/1481/837
f 816/1389/838 860/1481/838 857/1475/838
f 870/1503/839 865/1494/839 814/1384/839 815/1386/839
f 816/1390/840 814/1384/840 865/1494/840
f 816/1391/841 862/1487/841 817/1393/841
f 817/1393/841 862/1487/841 855/1470/841 820/1401/841
f 766/1280/842 828/1414/842 767/1281/842
f 1146/1998/843 1145/1997/843 1122/1969/843 854/1466/843 894/1552/843 1142/1994/843
f 1148/2000/844 1147/1999/844 1144/1996/844 901/1567/844 863/1489/844
f 899/1563/845 894/1553/845 854/1467/845 861/1484/845
f 856/1473/846 861/1485/846 853/1465/846
f 867/1497/847 863/1490/847 858/1478/847
f 863/1490/848 867/1497/848 1123/1971/848 1148/2001/848
f 853/1465/849 861/1485/849 854/1468/849
f 840/1436/850 842/1441/850 835/1427/850
f 840/1436/851 844/1445/851 845/1448/851
f 813/1381/852 1096/1943/852 1149/2002/852
f 813/1381/853 1150/2003/853 1127/1976/853
f 813/1381/854 1149/2002/854 1151/2004/854
f 813/1381/855 1151/2004/855 1152/2005/855 1150/2003/855
f 811/1376/856 813/1382/856 872/1508/856 812/1377/856
f 819/1396/857 943/1636/857 812/1378/857 872/1509/857
f 815/1386/858 873/1511/858 871/1505/858 870/1503/858
f 911/1584/859 910/1582/859 904/1572/859 905/1574/859
f 912/1585/860 911/1584/860 905/1574/860 906/1575/860
f 907/1576/861 913/1586/861 912/1585/861 906/1575/861
f 908/1577/862 914/1587/862 913/1586/862 907/1576/862
f 908/1578/863 826/1410/863 915/1590/863 914/1588/863
f 916/1591/864 909/1579/864 810/1374/864
f 910/1583/865 918/1595/865 917/1593/865 809/1371/865
f 919/1597/866 918/1596/866 910/1582/866 911/1584/866
f 911/1584/867 912/1585/867 920/1598/867 919/1597/867
f 913/1586/868 921/1599/868 920/1598/868 912/1585/868
f 914/1587/869 922/1600/869 921/1599/869 913/1586/869
f 914/1588/870 915/1590/870 941/1632/870 922/1601/870
f 917/1594/871 824/1406/871 833/1422/871 916/1591/871
f 918/1595/872 825/1407/872 824/1405/872 917/1593/872
f 821/1402/873 825/1408/873 918/1596/873 919/1597/873
f 919/1597/874 920/1598/874 818/1394/874 821/1402/874
f 921/1599/875 822/1403/875 818/1394/875 920/1598/875
f 922/1600/876 830/1417/876 822/1403/876 921/1599/876
f 825/1407/877 923/1602/877 924/1604/877 824/1405/877
f 925/1606/878 833/1422/878 824/1406/878 924/1605/878
f 926/1608/879 837/1431/879 833/1423/879 925/1607/879
f 829/1416/880 837/1430/880 926/1609/880 927/1610/880
f 830/1418/881 829/1415/881 927/1611/881 928/1612/881
f 830/1417/882 928/1613/882 929/1614/882 822/1403/882
f 822/1403/883 929/1614/883 930/1615/883 818/1394/883
f 930/1615/884 931/1616/884 821/1402/884 818/1394/884
f 931/1616/885 923/1603/885 825/1408/885 821/1402/885
f 940/1630/886 939/1628/886 836/1428/886 834/1424/886
f 836/1429/887 939/1629/887 938/1626/887 841/1437/887
f 937/1624/888 846/1449/888 841/1438/888 938/1627/888
f 843/1442/889 846/1450/889 937/1625/889 936/1622/889
f 838/1432/890 843/1443/890 936/1623/890 935/1620/890
f 838/1433/891 935/1621/891 934/1619/891 831/1419/891
f 831/1419/892 934/1619/892 933/1618/892 823/1404/892
f 933/1618/893 932/1617/893 827/1411/893 823/1404/893
f 932/1617/894 940/1631/894 834/1425/894 827/1411/894
f 922/1601/895 941/1632/895 829/1415/895 830/1418/895
f 941/1633/896 942/1634/896 837/1430/896 829/1416/896
f 916/1592/897 833/1423/897 837/1431/897 942/1635/897
f 810/1374/898 809/1370/898 917/1594/898 916/1591/898
f 943/1637/899 904/1573/899 910/1583/899 809/1371/899
f 815/1387/900 904/1573/900 943/1637/900 819/1397/900
f 804/1359/901 909/1580/901 743/1242/901
f 909/1580/902 762/1271/902 743/1242/902
f 761/1268/903 762/1271/903 909/1580/903
f 909/1581/904 760/1266/904 761/1269/904
f 760/1266/905 909/1581/905 916/1592/905 942/1635/905
f 768/1283/906 648/1118/906 773/1296/906
f 649/1119/907 767/1282/907 773/1296/907
f 769/1286/908 768/1284/908 850/1460/908
f 771/1290/909 851/1462/909 772/1294/909
f 770/1288/910 851/1462/910 771/1290/910
f 770/1288/911 769/1286/911 850/1460/911
f 768/1284/912 773/1297/912 850/1460/912
f 715/1209/913 948/1646/913 658/1130/913 714/1208/913
f 948/1646/914 949/1647/914 750/1249/914 658/1130/914
f 949/1647/915 950/1648/915 751/1250/915 750/1249/915
f 950/1648/916 951/1649/916 752/1251/916 751/1250/916
f 951/1649/917 952/1650/917 753/1252/917 752/1251/917
f 952/1650/918 654/1125/918 964/1674/918 753/1252/918
f 1101/1948/919 1106/1953/919 953/1651/919 775/1300/919
f 953/1652/920 954/1653/920 786/1322/920 775/1301/920
f 781/1312/921 786/1323/921 954/1654/921 955/1655/921
f 955/1656/922 956/1657/922 778/1306/922 781/1313/922
f 776/1302/923 778/1307/923 956/1658/923 957/1659/923
f 776/1303/924 957/1660/924 958/1661/924 774/1299/924
f 1105/1952/925 1153/2006/925 1108/1955/925 959/1663/925 777/1304/925
f 785/1320/926 777/1305/926 959/1664/926 960/1665/926
f 782/1314/927 785/1321/927 960/1666/927 961/1667/927
f 783/1316/928 782/1315/928 961/1668/928 962/1669/928
f 779/1308/929 783/1317/929 962/1670/929 963/1671/929
f 779/1309/930 963/1672/930 964/1673/930 654/1124/930
f 705/1199/931 958/1662/931 654/1125/931 952/1650/931
f 659/1131/932 759/1263/932 753/1252/932 964/1674/932
f 583/1009/933 657/1129/933 1053/1854/933
f 767/1282/934 649/1119/934 650/1120/934 765/1277/934
f 1155/2008/935 1154/2007/935 1098/1945/935 966/1679/935 780/1310/935 1109/1956/935
f 966/1680/936 967/1681/936 790/1330/936 780/1311/936
f 967/1682/937 968/1683/937 789/1328/937 790/1331/937
f 968/1684/938 969/1685/938 787/1324/938 789/1329/938
f 969/1686/939 970/1687/939 784/1318/939 787/1325/939
f 784/1319/940 970/1688/940 971/1691/940 659/1133/940
f 759/1264/941 659/1132/941 979/1708/941 980/1712/941
f 971/1690/942 972/1693/942 980/1711/942 979/1709/942
f 971/1691/943 979/1710/943 659/1133/943
f 972/1693/944 973/1695/944 981/1713/944 980/1711/944
f 758/1262/945 759/1264/945 980/1712/945 981/1714/945
f 973/1695/946 974/1697/946 982/1715/946 981/1713/946
f 757/1260/947 758/1262/947 981/1714/947 982/1716/947
f 974/1697/948 975/1699/948 983/1718/948 982/1715/948
f 756/1258/949 757/1260/949 982/1716/949 983/1717/949
f 755/1256/950 756/1258/950 983/1717/950 984/1720/950
f 975/1699/951 976/1701/951 984/1719/951 983/1718/951
f 976/1701/952 977/1703/952 985/1721/952 984/1719/952
f 754/1254/953 755/1256/953 984/1720/953 985/1722/953
f 977/1703/954 978/1705/954 986/1723/954 985/1721/954
f 754/1254/955 985/1722/955 986/1724/955 703/1195/955
f 660/1134/956 665/1141/956 662/1137/956 965/1675/956
f 997/1748/957 1050/1849/957 1049/1848/957 1029/1811/957
f 1005/1764/958 1004/1762/958 988/1729/958 999/1752/958
f 612/1056/959 990/1733/959 989/1731/959 1015/1785/959
f 996/1747/960 1042/1835/960 1041/1834/960 1027/1807/960
f 1003/1760/961 1002/1758/961 992/1737/961 993/1739/961
f 1004/1762/962 1003/1760/962 993/1739/962 988/1729/962
f 1002/1758/963 1001/1756/963 994/1741/963 992/1737/963
f 1030/1813/964 989/1731/964 990/1733/964 1031/1815/964
f 1045/1841/965 1028/1809/965 991/1735/965 1046/1842/965
f 1006/1767/966 1005/1764/966 999/1752/966 998/1750/966
f 1009/1773/967 998/1750/967 1000/1754/967 1011/1777/967
f 988/1730/968 671/1150/968 667/1145/968 999/1753/968
f 989/1732/969 691/1179/969 687/1174/969 1015/1786/969
f 992/1738/970 679/1164/970 675/1156/970 993/1740/970
f 993/1740/971 675/1156/971 671/1150/971 988/1730/971
f 994/1742/972 683/1169/972 679/1164/972 992/1738/972
f 1030/1812/973 662/1138/973 691/1179/973 989/1732/973
f 695/1184/974 1012/1780/974 1014/1783/974
f 999/1753/975 667/1145/975 695/1184/975 998/1751/975
f 1013/1781/976 699/1189/976 621/1074/976
f 1010/1776/977 1008/1770/977 1007/1769/977
f 1000/1754/978 987/1726/978 1011/1777/978
f 695/1184/979 1014/1783/979 987/1728/979
f 1001/1756/980 612/1056/980 1015/1785/980 994/1741/980
f 1015/1786/981 687/1174/981 683/1169/981 994/1742/981
f 1013/1781/982 1012/1780/982 699/1189/982
f 633/1102/983 612/1057/983 1001/1757/983
f 1001/1757/984 1002/1759/984 632/1100/984 633/1102/984
f 1002/1759/985 1003/1761/985 624/1084/985 632/1100/985
f 1003/1761/986 1004/1763/986 629/1096/986 624/1084/986
f 1004/1763/987 1005/1765/987 623/1082/987 629/1096/987
f 1005/1765/988 1006/1766/988 627/1092/988 623/1082/988
f 1006/1766/989 1007/1768/989 628/1094/989 627/1092/989
f 1007/1768/990 1008/1771/990 622/1078/990 628/1094/990
f 998/1750/991 1009/1773/991 1010/1776/991
f 1008/1772/992 1010/1775/992 1019/1794/992 622/1079/992
f 1011/1778/993 987/1727/993 1021/1800/993
f 1011/1778/994 1021/1800/994 1020/1796/994 1009/1774/994
f 1020/1796/995 1019/1794/995 1010/1775/995 1009/1774/995
f 613/1060/996 1016/1787/996 1013/1782/996 621/1075/996
f 1017/1789/997 1012/1779/997 1013/1782/997 1016/1787/997
f 1017/1789/998 1018/1793/998 1014/1784/998 1012/1779/998
f 987/1727/999 1014/1784/999 1018/1793/999
f 1031/1814/1000 990/1734/1000 1022/1801/1000 1032/1816/1000
f 991/1736/1001 1024/1803/1001 1047/1844/1001 1046/1843/1001
f 1023/1802/1002 1043/1837/1002 1042/1836/1002 996/1746/1002
f 997/1749/1003 1025/1804/1003 1051/1851/1003 1050/1850/1003
f 990/1734/1004 612/1058/1004 620/1071/1004 1022/1801/1004
f 995/1743/1005 965/1676/1005 662/1138/1005 1030/1812/1005
f 1027/1807/1006 1030/1813/1006 1031/1815/1006
f 1032/1816/1007 1023/1802/1007 996/1746/1007 1031/1814/1007
f 995/1744/1008 1027/1806/1008 1033/1817/1008 965/1677/1008
f 1027/1806/1009 1041/1833/1009 1040/1831/1009 1033/1817/1009
f 1028/1808/1010 1045/1840/1010 1044/1838/1010 1034/1819/1010
f 1048/1845/1011 1035/1821/1011 1029/1810/1011 1049/1847/1011
f 1027/1807/1012 995/1745/1012 1030/1813/1012
f 1027/1807/1013 1031/1815/1013 996/1747/1013
f 1018/1791/1014 1038/1827/1014 1039/1829/1014 1021/1798/1014
f 1037/1825/1015 1036/1823/1015 703/1196/1015 978/1707/1015
f 1036/1823/1016 1037/1825/1016 1039/1829/1016 1038/1827/1016
f 1018/1792/1017 1017/1790/1017 1038/1828/1017
f 1016/1788/1018 724/1222/1018 1038/1828/1018 1017/1790/1018
f 1039/1830/1019 1020/1797/1019 1021/1799/1019
f 945/1641/1020 1039/1830/1020 1037/1826/1020 944/1639/1020
f 1018/1793/1021 1021/1800/1021 987/1727/1021
f 1019/1795/1022 946/1643/1022 947/1645/1022
f 1019/1795/1022 947/1645/1022 622/1080/1022
f 1037/1826/1023 978/1706/1023 944/1639/1023
f 945/1641/1024 946/1643/1024 1019/1795/1024 1020/1797/1024
f 703/1196/1025 986/1725/1025 978/1707/1025
f 1016/1788/1026 613/1061/1026 724/1222/1026
f 703/1197/1027 1036/1824/1027 724/1222/1027
f 1020/1797/1028 1039/1830/1028 945/1641/1028
f 724/1222/1029 1036/1824/1029 1038/1828/1029
f 1006/1767/1030 998/1750/1030 1010/1776/1030 1007/1769/1030
f 695/1184/1031 699/1189/1031 1012/1780/1031
f 1000/1755/1032 695/1184/1032 987/1728/1032
f 1000/1755/1033 998/1751/1033 695/1184/1033
f 1041/1833/1034 1028/1808/1034 1034/1819/1034 1040/1831/1034
f 1028/1809/1035 1041/1834/1035 1042/1835/1035 991/1735/1035
f 1042/1836/1036 1043/1837/1036 1024/1803/1036 991/1736/1036
f 1045/1840/1037 1029/1810/1037 1035/1821/1037 1044/1838/1037
f 1029/1811/1038 1045/1841/1038 1046/1842/1038 997/1748/1038
f 1046/1843/1039 1047/1844/1039 1025/1804/1039 997/1749/1039
f 608/1047/1040 1048/1845/1040 1049/1847/1040 607/1044/1040
f 1050/1849/1041 606/1041/1041 607/1045/1041 1049/1848/1041
f 1050/1850/1042 1051/1851/1042 1026/1805/1042 606/1042/1042
f 655/1126/1043 656/1128/1043 1052/1852/1043
f 583/1009/1044 1053/1854/1044 605/1038/1044
f 657/1129/1045 666/1142/1045 1053/1854/1045
f 1054/1856/1046 666/1142/1046 657/1129/1046
f 1052/1853/1047 660/1135/1047 1033/1818/1047 1040/1832/1047
f 655/1127/1048 1052/1853/1048 1040/1832/1048 1034/1820/1048
f 1054/1857/1049 655/1127/1049 1034/1820/1049 1044/1839/1049
f 666/1143/1050 1054/1857/1050 1044/1839/1050 1035/1822/1050
f 1053/1855/1051 666/1143/1051 1035/1822/1051 1048/1846/1051
f 605/1039/1052 1053/1855/1052 1048/1846/1052 608/1048/1052
f 965/1678/1053 1033/1818/1053 660/1135/1053
f 1068/1887/1054 1078/1908/1054 1077/1906/1054 1069/1889/1054
f 1071/1894/1055 1083/1918/1055 1082/1916/1055 1070/1892/1055
f 1073/1898/1056 1088/1928/1056 1087/1926/1056 1072/1896/1056
f 1063/1876/1057 1060/1869/1057 1068/1887/1057 1069/1889/1057
f 1091/1935/1058 1074/1901/1058 1072/1897/1058 1087/1927/1058
f 1086/1925/1059 1075/1903/1059 1070/1893/1059 1082/1917/1059
f 1077/1907/1060 1081/1915/1060 1076/1904/1060 1069/1890/1060
f 1090/1932/1061 1089/1931/1061 1062/1875/1061 1064/1879/1061
f 1085/1922/1062 1084/1921/1062 1061/1873/1062 1065/1881/1062
f 1060/1870/1063 1066/1883/1063 1080/1912/1063 1079/1911/1063
f 1066/1883/1064 1060/1870/1064 1063/1877/1064 1067/1885/1064
f 1068/1888/1065 1060/1871/1065 1079/1910/1065 1078/1909/1065
f 1061/1872/1066 1084/1920/1066 1083/1919/1066 1071/1895/1066
f 1062/1874/1067 1089/1930/1067 1088/1929/1067 1073/1899/1067
f 1064/1880/1068 1074/1900/1068 1091/1934/1068 1090/1933/1068
f 1085/1923/1069 1065/1882/1069 1075/1902/1069 1086/1924/1069
f 1076/1905/1070 1081/1914/1070 1080/1913/1070 1066/1884/1070
f 1063/1878/1071 1069/1891/1071 1076/1905/1071
f 1067/1886/1072 1063/1878/1072 1076/1905/1072 1066/1884/1072
f 1078/1908/1073 1071/1894/1073 1070/1892/1073 1077/1906/1073
f 1079/1910/1074 1061/1872/1074 1071/1895/1074 1078/1909/1074
f 1065/1881/1075 1061/1873/1075 1079/1911/1075 1080/1912/1075
f 1081/1914/1076 1075/1902/1076 1065/1882/1076 1080/1913/1076
f 1077/1907/1077 1070/1893/1077 1075/1903/1077 1081/1915/1077
f 1083/1918/1078 1073/1898/1078 1072/1896/1078 1082/1916/1078
f 1084/1920/1079 1062/1874/1079 1073/1899/1079 1083/1919/1079
f 1064/1879/1080 1062/1875/1080 1084/1921/1080 1085/1922/1080
f 1086/1924/1081 1074/1900/1081 1064/1880/1081 1085/1923/1081
f 1082/1917/1082 1072/1897/1082 1074/1901/1082 1086/1925/1082
f 1088/1928/1083 1057/1863/1083 1058/1865/1083 1087/1926/1083
f 1055/1859/1084 1057/1864/1084 1088/1929/1084 1089/1930/1084
f 1089/1931/1085 1090/1932/1085 1056/1861/1085 1055/1860/1085
f 1090/1933/1086 1091/1934/1086 1059/1867/1086 1056/1862/1086
f 1087/1927/1087 1058/1866/1087 1059/1868/1087 1091/1935/1087
f 860/1482/1088 866/1496/1088 869/1501/1088 859/1480/1088
f 548/969/1089 547/967/1089 1125/1973/1089 1126/1975/1089
f 558/981/1090 555/978/1090 1133/1984/1090 1136/1987/1090
f 571/996/1091 573/998/1091 1151/2004/1091 1149/2002/1091
f 531/950/1092 577/1002/1092 1155/2008/1092 1109/1956/1092
f 42/65/1093 41/64/1093 618/1069/1093 619/1070/1093
f 563/986/1094 564/988/1094 1142/1994/1094 1141/1992/1094
f 474/846/1095 449/800/1095 1026/1805/1095 1051/1851/1095
f 516/933/1096 517/934/1096 1094/1939/1096 1093/1938/1096
f 524/943/1097 528/947/1097 1106/1953/1097 1101/1948/1097
f 549/970/1098 548/969/1098 1126/1975/1098 1127/1976/1098
f 556/979/1099 559/982/1099 1137/1988/1099 1134/1985/1099
f 564/988/1100 568/992/1100 1146/1998/1100 1142/1994/1100
f 574/999/1101 572/997/1101 1150/2003/1101 1152/2005/1101
f 517/934/1102 42/65/1102 619/1070/1102 1094/1939/1102
f 1156/2009/1103 525/944/1103 1103/1950/1103 1102/1949/1103
f 532/951/1104 533/952/1104 1111/1958/1104 1110/1957/1104
f 534/953/1105 532/951/1105 1110/1957/1105 1112/1959/1105
f 540/959/1106 541/960/1106 1119/1966/1106 1118/1965/1106
f 542/961/1107 540/959/1107 1118/1965/1107 1120/1967/1107
f 518/935/1108 519/937/1108 1096/1942/1108 1095/1940/1108
f 536/955/1109 518/936/1109 1095/1941/1109 1114/1961/1109
f 533/952/1110 539/958/1110 1117/1964/1110 1111/1958/1110
f 541/960/1111 543/962/1111 1121/1968/1111 1119/1966/1111
f 560/983/1112 557/980/1112 1135/1986/1112 1138/1989/1112
f 566/990/1113 565/989/1113 1143/1995/1113 1144/1996/1113
f 572/997/1114 549/970/1114 1127/1976/1114 1150/2003/1114
f 573/998/1115 574/999/1115 1152/2005/1115 1151/2004/1115
f 557/980/1116 558/981/1116 1136/1987/1116 1135/1986/1116
f 43/66/1117 445/796/1117 1022/1801/1117 620/1071/1117
f 526/945/1118 527/946/1118 1105/1952/1118 1104/1951/1118
f 528/947/1119 526/945/1119 1104/1951/1119 1106/1953/1119
f 519/938/1120 571/996/1120 1149/2002/1120 1096/1943/1120
f 551/973/1121 550/971/1121 1128/1977/1121 1129/1979/1121
f 550/972/1122 556/979/1122 1134/1985/1122 1128/1978/1122
f 569/993/1123 566/990/1123 1144/1996/1123 1147/1999/1123
f 553/975/1124 551/973/1124 1129/1979/1124 1131/1981/1124
f 559/982/1125 561/984/1125 1139/1990/1125 1137/1988/1125
f 527/946/1126 575/1000/1126 1153/2006/1126 1105/1952/1126
f 568/992/1127 567/991/1127 1145/1997/1127 1146/1998/1127
f 445/796/1128 455/811/1128 1032/1816/1128 1022/1801/1128
f 521/940/1129 520/939/1129 1097/1944/1129 1098/1945/1129
f 520/939/1130 522/941/1130 1099/1946/1130 1097/1944/1130
f 535/954/1131 536/955/1131 1114/1961/1131 1113/1960/1131
f 537/956/1132 535/954/1132 1113/1960/1132 1115/1962/1132
f 446/797/1133 466/832/1133 1043/1837/1133 1023/1802/1133
f 552/974/1134 554/977/1134 1132/1983/1134 1130/1980/1134
f 555/978/1135 552/974/1135 1130/1980/1135 1133/1984/1135
f 565/989/1136 560/983/1136 1138/1989/1136 1143/1995/1136
f 567/991/1137 544/963/1137 1122/1969/1137 1145/1997/1137
f 576/1001/1138 521/940/1138 1098/1945/1138 1154/2007/1138
f 577/1002/1139 576/1001/1139 1154/2007/1139 1155/2008/1139
f 455/811/1140 446/797/1140 1023/1802/1140 1032/1816/1140
f 530/949/1141 529/948/1141 1107/1954/1141 1108/1955/1141
f 529/948/1142 531/950/1142 1109/1956/1142 1107/1954/1142
f 522/941/1143 534/953/1143 1112/1959/1143 1099/1946/1143
f 543/962/1144 537/956/1144 1115/1962/1144 1121/1968/1144
f 546/966/1145 545/965/1145 1123/1971/1145 1124/1972/1145
f 554/977/1146 553/976/1146 1131/1982/1146 1132/1983/1146
f 570/994/1147 569/993/1147 1147/1999/1147 1148/2000/1147
f 545/965/1148 570/995/1148 1148/2001/1148 1123/1971/1148
f 561/984/1149 562/985/1149 1140/1991/1149 1139/1990/1149
f 466/832/1150 447/798/1150 1024/1803/1150 1043/1837/1150
f 447/798/1151 470/839/1151 1047/1844/1151 1024/1803/1151
f 515/931/1152 516/933/1152 1093/1938/1152 1092/1936/1152
f 523/942/1153 524/943/1153 1101/1948/1153 1100/1947/1153
f 525/944/1154 523/942/1154 1100/1947/1154 1103/1950/1154
f 539/958/1155 538/957/1155 1116/1963/1155 1117/1964/1155
f 538/957/1156 542/961/1156 1120/1967/1156 1116/1963/1156
f 544/964/1157 515/932/1157 1092/1937/1157 1122/1970/1157
f 470/839/1158 448/799/1158 1025/1804/1158 1047/1844/1158
f 448/799/1159 474/846/1159 1051/1851/1159 1025/1804/1159
f 547/968/1160 546/966/1160 1124/1972/1160 1125/1974/1160
f 562/985/1161 563/987/1161 1141/1993/1161 1140/1991/1161
f 575/1000/1162 530/949/1162 1108/1955/1162 1153/2006/1162
f 41/64/1163 40/63/1163 617/1068/1163 618/1069/1163
f 40/63/1164 43/67/1164 620/1072/1164 617/1068/1164
f 1/1/511 7/8/511 14/16/511 13/15/511 12/14/511 11/13/511 588/1015/511 589/1016/511 590/1017/511 591/1018/511 584/1010/511 578/1003/511
f 9/10/511 8/9/511 15/17/511 16/18/511 3/4/511 580/1006/511 593/1020/511 592/1019/511 585/1011/511 586/1012/511 587/1014/511 588/1015/511 11/13/511 10/12/511
f 17/19/511 594/1021/511 595/1022/511 596/1023/511 581/1007/511 597/1024/511 598/1026/511 599/1027/511 580/1006/511 3/4/511 22/25/511 21/24/511 20/22/511 4/5/511 19/21/511 18/20/511
f 26/33/511 27/35/511 23/27/511 1156/2009/511 1102/1949/511 600/1029/511 604/1037/511 603/1035/511 602/1033/511 601/1031/511 579/1005/511 582/1008/511 594/1021/511 17/19/511 5/6/511 2/3/511 24/29/511 25/31/511
